id,checkpoint_action_id,checkpoint_record_id,mission_id,mission_plan_id,point_code,sequence,parameters,status,result_code,result_data,action_type,name,item_codes,create_time,update_time
2087369730727440385,1786502242643,2087369730643554306,2087369728617705474,2087369728617705474_20260812104458,qidian,,"{""markerCode"":""1"",""agvMapId"":""zidonghuaceshi""}",SUCCESS,,,MOVE_SIDE_PATH,路径导航,,2026-08-12 10:44:59,2026-08-12 10:45:02
2087369741808791554,1786502478210,2087369741729099778,2087369728617705474,2087369728617705474_20260812104458,gouhezhongdian,,"{""markerCode"":""4"",""agvMapId"":""zidonghuaceshi""}",SUCCESS,,,MOVE_SIDE_PATH,路径导航,,2026-08-12 10:45:02,2026-08-12 10:45:27
2087369940539109378,1786502478210,2087369940467806209,2087369936210587650,2087369936210587650_20260812104548,gouhezhongdian,,"{""markerCode"":""4"",""agvMapId"":""zidonghuaceshi""}",SUCCESS,,,MOVE_SIDE_PATH,路径导航,,2026-08-12 10:45:49,2026-08-12 10:45:58
2087369977289601026,1786502242643,2087369977214103553,2087369936210587650,2087369936210587650_20260812104548,qidian,,"{""markerCode"":""1"",""agvMapId"":""zidonghuaceshi""}",SUCCESS,,,MOVE_SIDE_PATH,路径导航,,2026-08-12 10:45:58,2026-08-12 10:46:23
2087400825388888065,1786502425100,2087400825325973506,2087400817411321857,2087400817411321857_20260812124831,zhixianqidian,,"{""markerCode"":""2"",""agvMapId"":""zidonghuaceshi""}",SUCCESS,,,MOVE_SIDE_PATH,路径导航,,2026-08-12 12:48:33,2026-08-12 12:48:56
2087400920364707841,1786502503976,2087400920289210369,2087400817411321857,2087400817411321857_20260812124831,quxianzhongdian,,"{""markerCode"":""5"",""agvMapId"":""zidonghuaceshi""}",SUCCESS,,,MOVE_SIDE_PATH,路径导航,,2026-08-12 12:48:56,2026-08-12 12:49:12
2087401119258603522,1786502503976,2087401119191494658,2087401111826296834,2087401111826296834_20260812124941,quxianzhongdian,,"{""markerCode"":""5"",""agvMapId"":""zidonghuaceshi""}",SUCCESS,,,MOVE_SIDE_PATH,路径导航,,2026-08-12 12:49:43,2026-08-12 12:49:52
2087401158416625666,1786502425100,2087401158336933890,2087401111826296834,2087401111826296834_20260812124941,zhixianqidian,,"{""markerCode"":""2"",""agvMapId"":""zidonghuaceshi""}",SUCCESS,,,MOVE_SIDE_PATH,路径导航,,2026-08-12 12:49:52,2026-08-12 12:50:07
2087429392688574466,1786502478210,2087429392617271298,2087429389660286978,2087429389660286978_20260812144203,gouhezhongdian,,"{""markerCode"":""4"",""agvMapId"":""zidonghuaceshi""}",SUCCESS,,,MOVE_SIDE_PATH,路径导航,,2026-08-12 14:42:04,2026-08-12 14:42:37
2087429530609872897,1786502242643,2087429530538569730,2087429389660286978,2087429389660286978_20260812144203,qidian,,"{""markerCode"":""1"",""agvMapId"":""zidonghuaceshi""}",SUCCESS,,,MOVE_SIDE_PATH,路径导航,,2026-08-12 14:42:37,2026-08-12 14:43:01
2087821760953135105,1786502478210,2087821760873443329,2087821753202061313,2087821753202061313_20260813164108,gouhezhongdian,,,START,,,MOVE_SIDE_PATH,路径导航,,2026-08-13 16:41:12,2026-08-13 16:41:12
2089238052012634113,1786502242643,2089238051932942338,2089238048069988353,2089238048069988353_20260817142859,qidian,,"{""markerCode"":""1"",""agvMapId"":""zidonghuaceshi""}",SUCCESS,,,MOVE_SIDE_PATH,路径导航,,2026-08-17 14:29:02,2026-08-17 14:29:18
2089238152801759234,1786502242643,2089238152717873154,2089238149882523649,2089238149882523649_20260817142924,qidian,,"{""markerCode"":""1"",""agvMapId"":""zidonghuaceshi""}",SUCCESS,,,MOVE_SIDE_PATH,路径导航,,2026-08-17 14:29:26,2026-08-17 14:29:26
2089242408879468546,1786502478210,2089242408820748290,2089242401191309314,2089242401191309314_20260817144617,gouhezhongdian,,,START,,,MOVE_SIDE_PATH,路径导航,,2026-08-17 14:46:21,2026-08-17 14:46:21
2089242492895571970,1786502478210,2089242492820074498,2089242490697756673,2089242490697756673_20260817144639,gouhezhongdian,,"{""markerCode"":""4"",""agvMapId"":""zidonghuaceshi""}",SUCCESS,,,MOVE_SIDE_PATH,路径导航,,2026-08-17 14:46:41,2026-08-17 14:47:14
2089242630741372929,1786502242643,2089242630674264066,2089242490697756673,2089242490697756673_20260817144639,qidian,,"{""markerCode"":""1"",""agvMapId"":""zidonghuaceshi""}",SUCCESS,,,MOVE_SIDE_PATH,路径导航,,2026-08-17 14:47:14,2026-08-17 14:47:40
2089263388465115137,1786502478210,2089263388381229057,2089263386468626433,2089263386468626433_20260817160941,gouhezhongdian,,"{""markerCode"":""4"",""agvMapId"":""zidonghuaceshi""}",SUCCESS,,,MOVE_SIDE_PATH,路径导航,,2026-08-17 16:09:43,2026-08-17 16:10:24
2089263562566479874,1786502242643,2089263562474205186,2089263386468626433,2089263386468626433_20260817160941,qidian,,"{""markerCode"":""1"",""agvMapId"":""zidonghuaceshi""}",SUCCESS,,,MOVE_SIDE_PATH,路径导航,,2026-08-17 16:10:24,2026-08-17 16:10:49
2089263942562033666,1786502478210,2089263942490730498,2089263935834370049,2089263935834370049_20260817161152,gouhezhongdian,,"{""markerCode"":""4"",""agvMapId"":""zidonghuaceshi""}",SUCCESS,,,MOVE_SIDE_PATH,路径导航,,2026-08-17 16:11:55,2026-08-17 16:12:36
2089264116617261058,1786502242643,2089264116541763585,2089263935834370049,2089263935834370049_20260817161152,qidian,,"{""markerCode"":""1"",""agvMapId"":""zidonghuaceshi""}",SUCCESS,,,MOVE_SIDE_PATH,路径导航,,2026-08-17 16:12:36,2026-08-17 16:13:02
2089264226076012545,1786502478210,2089264226000515073,2089264225702719490,2089264225702719490_20260817161301,gouhezhongdian,,,START,,,MOVE_SIDE_PATH,路径导航,,2026-08-17 16:13:02,2026-08-17 16:13:02
2089264371924545538,1786502478210,2089264371840659458,2089264346314125314,2089264346314125314_20260817161329,gouhezhongdian,,"{""markerCode"":""4"",""agvMapId"":""zidonghuaceshi""}",SUCCESS,,,MOVE_SIDE_PATH,路径导航,,2026-08-17 16:13:37,2026-08-17 16:13:37
2089267955340750850,1786502451795,2089267955269447681,2089267946876645377,2089267946876645377_20260817162748,zhixianzhongdian,,"{""markerCode"":""3"",""agvMapId"":""zidonghuaceshi""}",FAULT,201000.0,pilot系统异常,MOVE_SIDE_PATH,路径导航,,2026-08-17 16:27:51,2026-08-17 16:27:59
2089267985795592193,1786502425100,2089267985745260546,2089267946876645377,2089267946876645377_20260817162748,zhixianqidian,,"{""markerCode"":""2"",""agvMapId"":""zidonghuaceshi""}",FAULT,202000.0,路径导航异常！,MOVE_SIDE_PATH,路径导航,,2026-08-17 16:27:59,2026-08-17 16:27:59
2089271674992144386,1786502451795,2089271674895675394,2089271671733170177,2089271671733170177_20260817164236,zhixianzhongdian,,"{""markerCode"":""3"",""agvMapId"":""zidonghuaceshi""}",FAULT,201000.0,pilot系统异常,MOVE_SIDE_PATH,路径导航,,2026-08-17 16:42:38,2026-08-17 16:42:47
2089271711809744898,1786502425100,2089271711751024642,2089271671733170177,2089271671733170177_20260817164236,zhixianqidian,,"{""markerCode"":""2"",""agvMapId"":""zidonghuaceshi""}",FAULT,202000.0,路径导航异常！,MOVE_SIDE_PATH,路径导航,,2026-08-17 16:42:47,2026-08-17 16:42:48
2089273194559123457,1786502451795,2089273194487820289,2089273190243184641,2089273190243184641_20260817164838,zhixianzhongdian,,"{""markerCode"":""3"",""agvMapId"":""zidonghuaceshi""}",SUCCESS,,,MOVE_SIDE_PATH,路径导航,,2026-08-17 16:48:41,2026-08-17 16:49:27
2089273388268859394,1786502425100,2089273388193361921,2089273190243184641,2089273190243184641_20260817164838,zhixianqidian,,"{""markerCode"":""2"",""agvMapId"":""zidonghuaceshi""}",SUCCESS,,,MOVE_SIDE_PATH,路径导航,,2026-08-17 16:49:27,2026-08-17 16:49:41
2089273471618068482,1786502503976,2089273471550959618,2089273467188883457,2089273467188883457_20260817164944,quxianzhongdian,,"{""markerCode"":""5"",""agvMapId"":""zidonghuaceshi""}",SUCCESS,,,MOVE_SIDE_PATH,路径导航,,2026-08-17 16:49:47,2026-08-17 16:50:19
2089273606905344001,1786502425100,2089273606838235138,2089273467188883457,2089273467188883457_20260817164944,zhixianqidian,,"{""markerCode"":""2"",""agvMapId"":""zidonghuaceshi""}",SUCCESS,,,MOVE_SIDE_PATH,路径导航,,2026-08-17 16:50:19,2026-08-17 16:50:35
2089273681534595073,1786502478210,2089273681467486210,2089273680909643777,2089273680909643777_20260817165035,gouhezhongdian,,"{""markerCode"":""4"",""agvMapId"":""zidonghuaceshi""}",SUCCESS,,,MOVE_SIDE_PATH,路径导航,,2026-08-17 16:50:37,2026-08-17 16:51:36
2089273930479120386,1786502242643,2089273930428788738,2089273680909643777,2089273680909643777_20260817165035,qidian,,"{""markerCode"":""1"",""agvMapId"":""zidonghuaceshi""}",SUCCESS,,,MOVE_SIDE_PATH,路径导航,,2026-08-17 16:51:36,2026-08-17 16:52:01
2089274328044613633,1786502451795,2089274327977504770,2089274323237941250,2089274323237941250_20260817165308,zhixianzhongdian,,,START,,,MOVE_SIDE_PATH,路径导航,,2026-08-17 16:53:11,2026-08-17 16:53:11
2089274397464539137,1786502503976,2089274397389041666,2089274389654745090,2089274389654745090_20260817165324,quxianzhongdian,,,START,,,MOVE_SIDE_PATH,路径导航,,2026-08-17 16:53:27,2026-08-17 16:53:27
2089274437226541058,1786502478210,2089274437163626497,2089274434030481410,2089274434030481410_20260817165335,gouhezhongdian,,"{""markerCode"":""4"",""agvMapId"":""zidonghuaceshi""}",SUCCESS,,,MOVE_SIDE_PATH,路径导航,,2026-08-17 16:53:37,2026-08-17 16:54:36
2089274684367515649,1786502242643,2089274684304601090,2089274434030481410,2089274434030481410_20260817165335,qidian,,"{""markerCode"":""1"",""agvMapId"":""zidonghuaceshi""}",SUCCESS,,,MOVE_SIDE_PATH,路径导航,,2026-08-17 16:54:36,2026-08-17 16:55:01
2089274957769027585,1786502451795,2089274957689335810,2089274955550240769,2089274955550240769_20260817165539,zhixianzhongdian,,"{""markerCode"":""3"",""agvMapId"":""zidonghuaceshi""}",FAULT,201000.0,pilot系统异常,MOVE_SIDE_PATH,路径导航,,2026-08-17 16:55:41,2026-08-17 16:55:49
2089274992648859650,1786502425100,2089274992581750785,2089274955550240769,2089274955550240769_20260817165539,zhixianqidian,,"{""markerCode"":""2"",""agvMapId"":""zidonghuaceshi""}",FAULT,202000.0,路径导航异常！,MOVE_SIDE_PATH,路径导航,,2026-08-17 16:55:49,2026-08-17 16:55:50
2089276049403752449,1786502451795,2089276049332449282,2089276044483833857,2089276044483833857_20260817165958,zhixianzhongdian,,"{""markerCode"":""3"",""agvMapId"":""zidonghuaceshi""}",FAULT,201000.0,pilot系统异常,MOVE_SIDE_PATH,路径导航,,2026-08-17 17:00:01,2026-08-17 17:00:08
2089276079833427970,1786502425100,2089276079774707713,2089276044483833857,2089276044483833857_20260817165958,zhixianqidian,,"{""markerCode"":""2"",""agvMapId"":""zidonghuaceshi""}",FAULT,202000.0,路径导航异常！,MOVE_SIDE_PATH,路径导航,,2026-08-17 17:00:08,2026-08-17 17:00:09
2089531370739150849,1787018039971,2089531370659459074,2089531348668723202,2089531348668723202_20260818095429,8008,,"{""markerCode"":""8"",""agvMapId"":""zidonghuaceshi""}",SUCCESS,,,MOVE_SIDE_PATH,路径导航,,2026-08-18 09:54:35,2026-08-18 09:55:01
2089531483037446145,1787018049727,2089531482966142977,2089531348668723202,2089531348668723202_20260818095429,8009,,"{""markerCode"":""9"",""agvMapId"":""zidonghuaceshi""}",SUCCESS,,,MOVE_SIDE_PATH,路径导航,,2026-08-18 09:55:01,2026-08-18 09:55:14
2089531798935646210,1787018039971,2089531798860148737,2089531753700077569,2089531753700077569_20260818095605,8008,,"{""markerCode"":""8"",""agvMapId"":""zidonghuaceshi""}",SUCCESS,,,MOVE_SIDE_PATH,路径导航,,2026-08-18 09:56:17,2026-08-18 09:56:26
2089531837913313281,1787018049727,2089531837842010113,2089531753700077569,2089531753700077569_20260818095605,8009,,"{""markerCode"":""9"",""agvMapId"":""zidonghuaceshi""}",SUCCESS,,,MOVE_SIDE_PATH,路径导航,,2026-08-18 09:56:26,2026-08-18 09:56:37
2089532118034100226,1787018039971,2089532117946019842,2089532111335796738,2089532111335796738_20260818095731,8008,,"{""markerCode"":""8"",""agvMapId"":""zidonghuaceshi""}",SUCCESS,,,MOVE_SIDE_PATH,路径导航,,2026-08-18 09:57:33,2026-08-18 09:58:03
2089532244823715841,1787018049727,2089532244735635458,2089532111335796738,2089532111335796738_20260818095731,8009,,"{""markerCode"":""9"",""agvMapId"":""zidonghuaceshi""}",SUCCESS,,,MOVE_SIDE_PATH,路径导航,,2026-08-18 09:58:03,2026-08-18 09:58:16
2089532378307440641,1787018039971,2089532378236137473,2089532371500085249,2089532371500085249_20260818095833,8008,,"{""markerCode"":""8"",""agvMapId"":""zidonghuaceshi""}",SUCCESS,,,MOVE_SIDE_PATH,路径导航,,2026-08-18 09:58:35,2026-08-18 09:58:50
2089532441062617090,1787018049727,2089532440987119618,2089532371500085249,2089532371500085249_20260818095833,8009,,"{""markerCode"":""9"",""agvMapId"":""zidonghuaceshi""}",SUCCESS,,,MOVE_SIDE_PATH,路径导航,,2026-08-18 09:58:50,2026-08-18 09:59:03
2089542267675160578,1786502451795,2089542267599663105,2089542260968468481,2089542260968468481_20260818103749,zhixianzhongdian,,"{""markerCode"":""3"",""agvMapId"":""zidonghuaceshi""}",FAULT,201000.0,pilot系统异常,MOVE_SIDE_PATH,路径导航,,2026-08-18 10:37:53,2026-08-18 10:38:02
2089542306740908034,1786502425100,2089542306665410561,2089542260968468481,2089542260968468481_20260818103749,zhixianqidian,,"{""markerCode"":""2"",""agvMapId"":""zidonghuaceshi""}",FAULT,202000.0,路径导航异常！,MOVE_SIDE_PATH,路径导航,,2026-08-18 10:38:02,2026-08-18 10:38:03
2089542864172298242,1786502425100,2089542864092606465,2089542326135369729,2089542326135369729_20260818103805,zhixianqidian,,"{""markerCode"":""2"",""agvMapId"":""zidonghuaceshi""}",FAULT,201000.0,pilot系统异常,MOVE_SIDE_PATH,路径导航,,2026-08-18 10:40:15,2026-08-18 10:40:16
2089542897680592898,1786502503976,2089542897596706817,2089542889900158978,2089542889900158978_20260818104019,quxianzhongdian,,"{""markerCode"":""5"",""agvMapId"":""zidonghuaceshi""}",SUCCESS,,,MOVE_SIDE_PATH,路径导航,,2026-08-18 10:40:23,2026-08-18 10:41:07
2089543082473238530,1786502425100,2089543082406129665,2089542889900158978,2089542889900158978_20260818104019,zhixianqidian,,"{""markerCode"":""2"",""agvMapId"":""zidonghuaceshi""}",SUCCESS,,,MOVE_SIDE_PATH,路径导航,,2026-08-18 10:41:07,2026-08-18 10:41:21
2089543157991682049,1786502478210,2089543157916184578,2089543153155649538,2089543153155649538_20260818104122,gouhezhongdian,,"{""markerCode"":""4"",""agvMapId"":""zidonghuaceshi""}",SUCCESS,,,MOVE_SIDE_PATH,路径导航,,2026-08-18 10:41:25,2026-08-18 10:42:24
2089543407179476993,1786502242643,2089543407099785217,2089543153155649538,2089543153155649538_20260818104122,qidian,,"{""markerCode"":""1"",""agvMapId"":""zidonghuaceshi""}",SUCCESS,,,MOVE_SIDE_PATH,路径导航,,2026-08-18 10:42:24,2026-08-18 10:42:49
2089543535802003458,1787017808416,2089543535730700290,2089543529493770241,2089543529493770241_20260818104252,yuntaidian,,"{""wiperSwitch"":""0"",""recordTimeInfrared"":""0"",""resultData"":""2089529748801794050"",""focus"":""0"",""mosActionName"":""PTZCONTROL#visible#light_photo"",""P"":""0"",""homingAction"":""1"",""needSetting"":""0"",""T"":""0"",""recordTimeVisible"":""0"",""Z"":""1"",""needPreset"":""0"",""lightSwitch"":""0"",""presetId"":""0"",""cameraName"":""visible""}",FAULT,200000.0,系统执行异常,CAMERA_ACTION,云台,,2026-08-18 10:42:55,2026-08-18 10:42:56
2089544593597083649,1786502451795,2089544593525780482,2089544589906096129,2089544589906096129_20260818104705,zhixianzhongdian,,"{""markerCode"":""3"",""agvMapId"":""zidonghuaceshi""}",SUCCESS,,,MOVE_SIDE_PATH,路径导航,,2026-08-18 10:47:07,2026-08-18 10:47:57
2089544801714253825,1786502425100,2089544801655533569,2089544589906096129,2089544589906096129_20260818104705,zhixianqidian,,"{""markerCode"":""2"",""agvMapId"":""zidonghuaceshi""}",SUCCESS,,,MOVE_SIDE_PATH,路径导航,,2026-08-18 10:47:57,2026-08-18 10:48:10
2089546004221210626,1786502425100,2089546004145713154,2089546000265981953,2089546000265981953_20260818105241,zhixianqidian,,"{""markerCode"":""2"",""agvMapId"":""zidonghuaceshi""}",SUCCESS,,,MOVE_SIDE_PATH,路径导航,,2026-08-18 10:52:43,2026-08-18 10:52:43
2089547003166011393,1787021608744,2089547003094708225,2089546994773209089,2089546994773209089_20260818105638,quyuzhongdian,,"{""markerCode"":""3"",""agvMapId"":""zidonghuaceshi""}",SUCCESS,,,MOVE_SIDE_PATH,路径导航,,2026-08-18 10:56:42,2026-08-18 10:57:15
2089547145143201793,1786502425100,2089547145101258753,2089546994773209089,2089546994773209089_20260818105638,zhixianqidian,,"{""markerCode"":""2"",""agvMapId"":""zidonghuaceshi""}",SUCCESS,,,MOVE_SIDE_PATH,路径导航,,2026-08-18 10:57:15,2026-08-18 10:57:28
