id,mission_name,type,end_action,mission_type,fixed_start_time,cycle_month,cycle_week,cycle_execute_time,cycle_start_time,cycle_end_time,interval_number,interval_type,interval_unit,interval_execute_time,interval_start_time,interval_end_time,invalid_start_time,invalid_end_time,create_by,usage_status,device_list,device_level,priority,create_time,update_time,is_deleted,items
2087369728617705474,沟壑,1,,FREQ_CREATE,2026-08-12 10:44:58,,,,,,,,,,,,,,,1,"qidian,gouhezhongdian",2,4,2026-08-12 10:44:59,2026-08-12 13:00:31,1,
2087369936210587650,沟壑,1,,FREQ_CREATE,2026-08-12 10:45:48,,,,,,,,,,,,,,,1,"gouhezhongdian,qidian",2,4,2026-08-12 10:45:49,2026-08-12 13:00:31,1,
2087400817411321857,曲线,1,,FREQ_CREATE,2026-08-12 12:48:31,,,,,,,,,,,,,,,1,"zhixianqidian,quxianzhongdian",2,4,2026-08-12 12:48:32,2026-08-12 13:00:31,1,
2087401111826296834,曲线,1,,FREQ_CREATE,2026-08-12 12:49:41,,,,,,,,,,,,,,,1,"quxianzhongdian,zhixianqidian",2,4,2026-08-12 12:49:42,2026-08-12 13:00:31,1,
2087429389660286978,沟壑,1,,FREQ_CREATE,2026-08-12 14:42:03,,,,,,,,,,,,,,,1,"gouhezhongdian,qidian",2,4,2026-08-12 14:42:04,2026-08-12 14:53:13,1,
2087816885884235777,直线,1,,FREQ_CREATE,2026-08-13 16:21:48,,,,,,,,,,,,,,,1,"zhixianzhongdian,zhixianqidian",2,4,2026-08-13 16:21:50,2026-08-13 16:21:50,0,
2087819357486919681,沟壑,1,,FREQ_CREATE,2026-08-13 16:31:37,,,,,,,,,,,,,,,1,"gouhezhongdian,qidian",2,4,2026-08-13 16:31:39,2026-08-13 16:31:39,0,
2087820013819998210,沟壑,1,,FREQ_CREATE,2026-08-13 16:34:14,,,,,,,,,,,,,,,1,"gouhezhongdian,qidian",2,4,2026-08-13 16:34:16,2026-08-13 16:34:16,0,
2087821753202061313,沟壑,1,,FREQ_CREATE,2026-08-13 16:41:08,,,,,,,,,,,,,,,1,"gouhezhongdian,qidian",2,4,2026-08-13 16:41:10,2026-08-13 16:41:10,0,
2087822061701509121,沟壑,1,,FREQ_CREATE,2026-08-13 16:42:22,,,,,,,,,,,,,,,1,"gouhezhongdian,qidian",2,4,2026-08-13 16:42:24,2026-08-13 16:42:24,0,
2087822590389334017,沟壑,1,,FREQ_CREATE,2026-08-13 16:44:28,,,,,,,,,,,,,,,1,"3,2,1",2,4,2026-08-13 16:44:30,2026-08-13 16:44:30,0,
2089227270923300865,沟壑,1,,FREQ_CREATE,2026-08-17 13:46:10,,,,,,,,,,,,,,,1,"3,2,1",2,4,2026-08-17 13:46:12,2026-08-17 13:46:12,0,
2089231061915611137,直线,1,,FREQ_CREATE,2026-08-17 14:01:14,,,,,,,,,,,,,,,1,"3,2,1",2,4,2026-08-17 14:01:16,2026-08-17 14:01:16,0,
2089231062364401666,切区,1,,FREQ_CREATE,2026-08-17 14:01:14,,,,,,,,,,,,,,,1,"3,2,1",2,4,2026-08-17 14:01:16,2026-08-17 14:01:16,0,
2089231062775443457,曲线,1,,FREQ_CREATE,2026-08-17 14:01:14,,,,,,,,,,,,,,,1,"3,2,1",2,4,2026-08-17 14:01:16,2026-08-17 14:01:16,0,
2089231063282954242,沟壑,1,,FREQ_CREATE,2026-08-17 14:01:14,,,,,,,,,,,,,,,1,"3,2,1",2,4,2026-08-17 14:01:16,2026-08-17 14:01:16,0,
2089231065505935362,云台,1,,FREQ_CREATE,2026-08-17 14:01:15,,,,,,,,,,,,,,,1,"3,2,1",2,4,2026-08-17 14:01:17,2026-08-17 14:01:17,0,
2089238048069988353,切区,1,,FREQ_CREATE,2026-08-17 14:28:59,,,,,,,,,,,,,,,1,qidian,2,4,2026-08-17 14:29:01,2026-08-17 14:29:01,0,
2089238149882523649,切区,1,,FREQ_CREATE,2026-08-17 14:29:24,,,,,,,,,,,,,,,1,qidian,2,4,2026-08-17 14:29:26,2026-08-17 14:29:26,0,
2089242401191309314,沟壑,1,,FREQ_CREATE,2026-08-17 14:46:17,,,,,,,,,,,,,,,1,"gouhezhongdian,qidian",2,4,2026-08-17 14:46:19,2026-08-17 14:46:19,0,
2089242490697756673,沟壑,1,,FREQ_CREATE,2026-08-17 14:46:39,,,,,,,,,,,,,,,1,"gouhezhongdian,qidian",2,4,2026-08-17 14:46:41,2026-08-17 14:46:41,0,
2089251450699984897,直线,1,,FREQ_CREATE,2026-08-17 15:22:15,,,,,,,,,,,,,,,1,"3,2,1",2,4,2026-08-17 15:22:17,2026-08-17 15:22:17,0,
2089251451199107074,曲线,1,,FREQ_CREATE,2026-08-17 15:22:15,,,,,,,,,,,,,,,1,"3,2,1",2,4,2026-08-17 15:22:17,2026-08-17 15:22:17,0,
2089251451593371650,沟壑,1,,FREQ_CREATE,2026-08-17 15:22:15,,,,,,,,,,,,,,,1,"3,2,1",2,4,2026-08-17 15:22:17,2026-08-17 15:22:17,0,
2089253048679477250,直线,1,,FREQ_CREATE,2026-08-17 15:28:36,,,,,,,,,,,,,,,1,"3,2,1",2,4,2026-08-17 15:28:38,2026-08-17 15:28:38,0,
2089253049409286145,曲线,1,,FREQ_CREATE,2026-08-17 15:28:36,,,,,,,,,,,,,,,1,"3,2,1",2,4,2026-08-17 15:28:38,2026-08-17 15:28:38,0,
2089253049736441857,沟壑,1,,FREQ_CREATE,2026-08-17 15:28:36,,,,,,,,,,,,,,,1,"3,2,1",2,4,2026-08-17 15:28:38,2026-08-17 15:28:38,0,
2089253212517380098,沟壑,1,,FREQ_CREATE,2026-08-17 15:29:15,,,,,,,,,,,,,,,1,"gouhezhongdian,qidian",2,4,2026-08-17 15:29:17,2026-08-17 15:29:17,0,
2089253375122157569,直线,1,,FREQ_CREATE,2026-08-17 15:29:54,,,,,,,,,,,,,,,1,"zhixianzhongdian,zhixianqidian",2,4,2026-08-17 15:29:56,2026-08-17 15:29:56,0,
2089253386035736577,曲线,1,,FREQ_CREATE,2026-08-17 15:29:56,,,,,,,,,,,,,,,1,"quxianzhongdian,zhixianqidian",2,4,2026-08-17 15:29:58,2026-08-17 15:29:58,0,
2089256038891073538,直线,1,,FREQ_CREATE,2026-08-17 15:40:29,,,,,,,,,,,,,,,1,"zhixianzhongdian,zhixianqidian",2,4,2026-08-17 15:40:31,2026-08-17 15:40:31,0,
2089256820235382785,沟壑,1,,FREQ_CREATE,2026-08-17 15:43:35,,,,,,,,,,,,,,,1,,2,4,2026-08-17 15:43:37,2026-08-17 15:43:37,0,
2089259133427593218,沟壑,1,,FREQ_CREATE,2026-08-17 15:52:47,,,,,,,,,,,,,,,1,,2,4,2026-08-17 15:52:49,2026-08-17 15:52:49,0,
2089263386468626433,沟壑,1,,FREQ_CREATE,2026-08-17 16:09:41,,,,,,,,,,,,,,,1,"gouhezhongdian,qidian",2,4,2026-08-17 16:09:43,2026-08-17 16:09:43,0,
2089263935834370049,沟壑,1,,FREQ_CREATE,2026-08-17 16:11:52,,,,,,,,,,,,,,,1,"gouhezhongdian,qidian",2,4,2026-08-17 16:11:54,2026-08-17 16:11:54,0,
2089264225702719490,沟壑,1,,FREQ_CREATE,2026-08-17 16:13:01,,,,,,,,,,,,,,,1,"gouhezhongdian,qidian",2,4,2026-08-17 16:13:03,2026-08-17 16:13:03,0,
2089264346314125314,沟壑,1,,FREQ_CREATE,2026-08-17 16:13:29,,,,,,,,,,,,,,,1,"gouhezhongdian,qidian1",2,4,2026-08-17 16:13:31,2026-08-17 16:13:31,0,
2089264702091767809,沟壑,1,,FREQ_CREATE,2026-08-17 16:14:54,,,,,,,,,,,,,,,1,"gouhezhongdian1,qidian1",2,4,2026-08-17 16:14:56,2026-08-17 16:14:56,0,
2089267946876645377,直线,1,,FREQ_CREATE,2026-08-17 16:27:48,,,,,,,,,,,,,,,1,"zhixianzhongdian,zhixianqidian",2,2,2026-08-17 16:27:50,2026-08-17 16:27:50,0,
2089267947610648577,曲线,1,,FREQ_CREATE,2026-08-17 16:27:48,,,,,,,,,,,,,,,1,"quxianzhongdian,zhixianqidian",2,2,2026-08-17 16:27:50,2026-08-17 16:27:50,0,
2089267948172685313,沟壑,1,,FREQ_CREATE,2026-08-17 16:27:48,,,,,,,,,,,,,,,1,"gouhezhongdian,qidian",2,2,2026-08-17 16:27:50,2026-08-17 16:27:50,0,
2089269138327416834,沟壑,1,,FREQ_CREATE,2026-08-17 16:32:32,,,,,,,,,,,,,,,1,"gouhezhongdian,qidian",2,4,2026-08-17 16:32:34,2026-08-17 16:32:34,0,
2089269918077890561,切区,1,,FREQ_CREATE,2026-08-17 16:35:38,,,,,,,,,,,,,,,1,qidian,2,4,2026-08-17 16:35:40,2026-08-17 16:35:40,0,
2089271671733170177,直线,1,,FREQ_CREATE,2026-08-17 16:42:36,,,,,,,,,,,,,,,1,"zhixianzhongdian,zhixianqidian",2,2,2026-08-17 16:42:38,2026-08-17 16:42:38,0,
2089271715995660289,曲线,1,,FREQ_CREATE,2026-08-17 16:42:47,,,,,,,,,,,,,,,1,"quxianzhongdian,zhixianqidian",2,2,2026-08-17 16:42:49,2026-08-17 16:42:49,0,
2089271887257481217,沟壑,1,,FREQ_CREATE,2026-08-17 16:43:27,,,,,,,,,,,,,,,1,"gouhezhongdian,qidian",2,2,2026-08-17 16:43:29,2026-08-17 16:43:29,0,
2089273190243184641,直线,1,,FREQ_CREATE,2026-08-17 16:48:38,,,,,,,,,,,,,,,1,"zhixianzhongdian,zhixianqidian",2,2,2026-08-17 16:48:40,2026-08-17 16:48:40,0,
2089273467188883457,曲线,1,,FREQ_CREATE,2026-08-17 16:49:44,,,,,,,,,,,,,,,1,"quxianzhongdian,zhixianqidian",2,2,2026-08-17 16:49:46,2026-08-17 16:49:46,0,
2089273680909643777,沟壑,1,,FREQ_CREATE,2026-08-17 16:50:35,,,,,,,,,,,,,,,1,"gouhezhongdian,qidian",2,2,2026-08-17 16:50:37,2026-08-17 16:50:37,0,
2089274323237941250,直线,1,,FREQ_CREATE,2026-08-17 16:53:08,,,,,,,,,,,,,,,1,"zhixianzhongdian,zhixianqidian",2,2,2026-08-17 16:53:10,2026-08-17 16:53:10,0,
2089274389654745090,曲线,1,,FREQ_CREATE,2026-08-17 16:53:24,,,,,,,,,,,,,,,1,"quxianzhongdian,zhixianqidian",2,2,2026-08-17 16:53:26,2026-08-17 16:53:26,0,
2089274434030481410,沟壑,1,,FREQ_CREATE,2026-08-17 16:53:35,,,,,,,,,,,,,,,1,"gouhezhongdian,qidian",2,2,2026-08-17 16:53:37,2026-08-17 16:53:37,0,
2089274955550240769,直线,1,,FREQ_CREATE,2026-08-17 16:55:39,,,,,,,,,,,,,,,1,"zhixianzhongdian,zhixianqidian",2,2,2026-08-17 16:55:41,2026-08-17 16:55:41,0,
2089274999569461250,曲线,1,,FREQ_CREATE,2026-08-17 16:55:49,,,,,,,,,,,,,,,1,"quxianzhongdian,zhixianqidian",2,2,2026-08-17 16:55:51,2026-08-17 16:55:51,0,
2089276044483833857,直线,1,,FREQ_CREATE,2026-08-17 16:59:58,,,,,,,,,,,,,,,1,"zhixianzhongdian,zhixianqidian",2,2,2026-08-17 17:00:01,2026-08-17 17:00:01,0,
2089276088054263809,曲线,1,,FREQ_CREATE,2026-08-17 17:00:09,,,,,,,,,,,,,,,1,"quxianzhongdian,zhixianqidian",2,2,2026-08-17 17:00:11,2026-08-17 17:00:11,0,
2089531348668723202,8008,1,,FREQ_CREATE,2026-08-18 09:54:29,,,,,,,,,,,,,,,1,,2,4,2026-08-18 09:54:30,2026-08-18 09:54:30,0,
2089531753700077569,8008,1,,FREQ_CREATE,2026-08-18 09:56:05,,,,,,,,,,,,,,,1,,2,4,2026-08-18 09:56:06,2026-08-18 09:56:06,0,
2089532111335796738,8008,1,,FREQ_CREATE,2026-08-18 09:57:31,,,,,,,,,,,,,,,1,,2,4,2026-08-18 09:57:32,2026-08-18 09:57:32,0,
2089532371500085249,8008,1,,FREQ_CREATE,2026-08-18 09:58:33,,,,,,,,,,,,,,,1,,2,4,2026-08-18 09:58:34,2026-08-18 09:58:34,0,
2089542260968468481,直线,1,,FREQ_CREATE,2026-08-18 10:37:49,,,,,,,,,,,,,,,1,"zhixianzhongdian,zhixianqidian",2,2,2026-08-18 10:37:51,2026-08-18 10:37:51,0,
2089542326135369729,切区,1,,FREQ_CREATE,2026-08-18 10:38:05,,,,,,,,,,,,,,,1,"quyuzhongdian,zhixianqidian",2,2,2026-08-18 10:38:07,2026-08-18 10:38:07,0,
2089542889900158978,曲线,1,,FREQ_CREATE,2026-08-18 10:40:19,,,,,,,,,,,,,,,1,"quxianzhongdian,zhixianqidian",2,2,2026-08-18 10:40:21,2026-08-18 10:40:21,0,
2089543153155649538,沟壑,1,,FREQ_CREATE,2026-08-18 10:41:22,,,,,,,,,,,,,,,1,"gouhezhongdian,qidian",2,2,2026-08-18 10:41:24,2026-08-18 10:41:24,0,
2089543529493770241,云台,1,,FREQ_CREATE,2026-08-18 10:42:52,,,,,,,,,,,,,,,1,yuntaidian,2,2,2026-08-18 10:42:54,2026-08-18 10:42:54,0,
2089544589906096129,直线,1,,FREQ_CREATE,2026-08-18 10:47:05,,,,,,,,,,,,,,,1,"zhixianzhongdian,zhixianqidian",2,4,2026-08-18 10:47:07,2026-08-18 10:47:07,0,
2089546000265981953,切区,1,,FREQ_CREATE,2026-08-18 10:52:41,,,,,,,,,,,,,,,1,"quyuzhongdian,zhixianqidian",2,4,2026-08-18 10:52:43,2026-08-18 10:52:43,0,
2089546994773209089,切区,1,,FREQ_CREATE,2026-08-18 10:56:38,,,,,,,,,,,,,,,1,"quyuzhongdian,zhixianqidian",2,4,2026-08-18 10:56:40,2026-08-18 10:56:40,0,
