id,mission_action_id,parameter_key,parameter_value,parameter_value_type,parameter_type,create_time,update_time
01b98eb0-e812-448f-8461-fdecd211c825,4dbce953-4f6d-11f1-8ba3-0242ac110003,back_laser_dec_area_y,,Double,NORMAL_PARAMETER,2026-05-14 16:17:10,2026-05-14 16:17:10
041388f6-cd03-48e5-b266-4b2c90c47b56,d5f75328-4f6c-11f1-8ba3-0242ac110003,back_laser_stop_area_x,,Double,NORMAL_PARAMETER,2026-05-14 16:13:49,2026-05-14 16:13:49
0475ce54-c541-4ef1-9c6a-ab4d77237c25,c7053761-4f6c-11f1-8ba3-0242ac110003,safety,1,Integer,NORMAL_PARAMETER,2026-05-14 16:13:24,2026-05-14 16:13:41
04ef229f-1d03-4a84-870a-77c44bd0a43b,28244edb-4f6c-11f1-8ba3-0242ac110003,back_laser_stop_area_x,,Double,NORMAL_PARAMETER,2026-05-14 16:08:57,2026-05-14 16:08:57
04f92641-08a2-4b12-8b02-cb0275a585a4,614fd8e0-4f6d-11f1-8ba3-0242ac110003,markerCode,3,String,NORMAL_PARAMETER,2026-05-14 16:17:43,2026-05-14 16:17:43
0555a9ea-cab7-406e-9232-a03129269ffd,4e567eef-4f6c-11f1-8ba3-0242ac110003,front_laser_dec_area_y,,Double,NORMAL_PARAMETER,2026-05-14 16:10:01,2026-05-14 16:10:11
05c9ae23-7491-40e4-a6bd-d02cf7030488,62ccfa81-4f6d-11f1-8ba3-0242ac110003,front_laser_dec_area_y,,Double,NORMAL_PARAMETER,2026-05-14 16:17:45,2026-05-14 16:17:51
06b98b74-f97a-4fab-988e-7de45f20d79f,5245768b-4f6d-11f1-8ba3-0242ac110003,agvMapId,91b7a2a8-4f61-11f1-8ba3-0242ac110003,String,NORMAL_PARAMETER,2026-05-14 16:17:18,2026-05-14 16:17:18
0757cbaf-2030-4c20-99c7-1469b8b97ba6,dcec1ec3-4f6c-11f1-8ba3-0242ac110003,front_laser_stop_area_y,,Double,NORMAL_PARAMETER,2026-05-14 16:14:01,2026-05-14 16:14:01
07a2a44c-c027-4ecd-85ba-7461df837db7,c59e0e83-4f6c-11f1-8ba3-0242ac110003,back_laser_stop_area_x,,Double,NORMAL_PARAMETER,2026-05-14 16:13:22,2026-05-14 16:13:22
090e6732-163a-442b-b622-93e0b40a6446,c7053761-4f6c-11f1-8ba3-0242ac110003,rotate_acc,,Double,NORMAL_PARAMETER,2026-05-14 16:13:24,2026-05-14 16:13:41
0b11aeac-cb58-4426-9051-63049a89e0d0,4ec24923-4f6d-11f1-8ba3-0242ac110003,safety,1,Integer,NORMAL_PARAMETER,2026-05-14 16:17:12,2026-05-14 16:17:16
0b60cb96-9dd3-473a-ad01-4d48b4fc8c68,674e8196-4f6d-11f1-8ba3-0242ac110003,P,,Double,NORMAL_PARAMETER,2026-05-14 16:17:53,2026-05-14 16:17:53
0b809384-a30d-497e-89af-10fe188bc6c2,c7053761-4f6c-11f1-8ba3-0242ac110003,back_laser_stop_area_y,,Double,NORMAL_PARAMETER,2026-05-14 16:13:24,2026-05-14 16:13:41
0c5ad194-2cb7-4108-8bb0-0361b482a0b9,d5f75328-4f6c-11f1-8ba3-0242ac110003,back_laser_stop_area_y,,Double,NORMAL_PARAMETER,2026-05-14 16:13:49,2026-05-14 16:13:49
0d0d1a38-c003-423b-a8c8-cd985c286a33,4baa900a-4f6c-11f1-8ba3-0242ac110003,D,,Double,NORMAL_PARAMETER,2026-05-14 16:09:57,2026-05-14 16:09:57
0d45a95a-9a6d-4318-866f-ccf014449fae,dea9bfff-4f6c-11f1-8ba3-0242ac110003,back_laser_dec_area_x,,Double,NORMAL_PARAMETER,2026-05-14 16:14:04,2026-05-14 16:14:10
0d74dcd0-a2fb-42bb-850a-22a0a618ddd2,a7221c15-4f6c-11f1-8ba3-0242ac110003,rotate_acc,,Double,NORMAL_PARAMETER,2026-05-14 16:12:30,2026-05-14 16:12:39
0dd8f969-e045-4c3f-9081-b173eb2dbfd9,dd0a6c16-4ff8-11f1-b019-0242ac110003,homing_time,5,Int,NORMAL_PARAMETER,2026-05-15 08:56:10,2026-05-15 08:58:16
0ddc457b-e7a4-472c-a52c-f538da9ccf4d,e3986b9f-4f6c-11f1-8ba3-0242ac110003,front_laser_stop_area_y,,Double,NORMAL_PARAMETER,2026-05-14 16:14:12,2026-05-14 16:14:12
0ee8a411-12a1-4b43-92b0-e15b9e0dbd1c,4e567eef-4f6c-11f1-8ba3-0242ac110003,P,,Double,NORMAL_PARAMETER,2026-05-14 16:10:01,2026-05-14 16:10:11
0f9f3d61-e418-4250-9a0e-a520903382a9,c7053761-4f6c-11f1-8ba3-0242ac110003,front_laser_dec_area_x,,Double,NORMAL_PARAMETER,2026-05-14 16:13:24,2026-05-14 16:13:41
10044115-9baa-4c4f-8e5c-8985a7605dc9,dea9bfff-4f6c-11f1-8ba3-0242ac110003,P,,Double,NORMAL_PARAMETER,2026-05-14 16:14:04,2026-05-14 16:14:10
106c2f70-479d-49b1-994e-bb8f311ab0ea,4e567eef-4f6c-11f1-8ba3-0242ac110003,rotate_acc,,Double,NORMAL_PARAMETER,2026-05-14 16:10:01,2026-05-14 16:10:11
10da106c-4cfa-43a3-a1b5-b78bccc31d4c,5245768b-4f6d-11f1-8ba3-0242ac110003,rotate_acc,,Double,NORMAL_PARAMETER,2026-05-14 16:17:18,2026-05-14 16:17:18
10db672c-1172-4d0c-ab62-128c2fe08e6f,614fd8e0-4f6d-11f1-8ba3-0242ac110003,max_rotate_speed,,Double,NORMAL_PARAMETER,2026-05-14 16:17:43,2026-05-14 16:17:43
11723b55-0d79-44ef-9a5a-b21f9d7fb4b7,4e567eef-4f6c-11f1-8ba3-0242ac110003,pathParamSetting,1,Integer,NORMAL_PARAMETER,2026-05-14 16:10:01,2026-05-14 16:10:11
1245c621-89cb-4bfb-a029-68a26929fc3c,614fd8e0-4f6d-11f1-8ba3-0242ac110003,agvMapId,91b7a2a8-4f61-11f1-8ba3-0242ac110003,String,NORMAL_PARAMETER,2026-05-14 16:17:43,2026-05-14 16:17:43
131a3ebb-5422-4165-95b2-56e9e2a3e578,4ec24923-4f6d-11f1-8ba3-0242ac110003,pathParamSetting,0,Integer,NORMAL_PARAMETER,2026-05-14 16:17:12,2026-05-14 16:17:16
13e3d6bf-8b84-42d7-b0c5-3a972a7a1a26,28244edb-4f6c-11f1-8ba3-0242ac110003,markerCode,3,String,NORMAL_PARAMETER,2026-05-14 16:08:57,2026-05-14 16:08:57
145296f2-9380-4b08-9bee-ce975334eb05,c59e0e83-4f6c-11f1-8ba3-0242ac110003,P,,Double,NORMAL_PARAMETER,2026-05-14 16:13:22,2026-05-14 16:13:22
146b49a8-5a7d-442c-86a5-fc4eda08aedb,c59e0e83-4f6c-11f1-8ba3-0242ac110003,max_translation_speed,,Double,NORMAL_PARAMETER,2026-05-14 16:13:22,2026-05-14 16:13:22
15d76da1-3376-421b-a08d-cb49d45335e4,dea9bfff-4f6c-11f1-8ba3-0242ac110003,back_laser_dec_area_y,,Double,NORMAL_PARAMETER,2026-05-14 16:14:04,2026-05-14 16:14:10
1603475d-a8b6-47f5-aab9-95f99eaa5973,e3986b9f-4f6c-11f1-8ba3-0242ac110003,back_laser_dec_area_y,,Double,NORMAL_PARAMETER,2026-05-14 16:14:12,2026-05-14 16:14:12
165714db-2eb2-4306-b387-7f38a916d149,a7221c15-4f6c-11f1-8ba3-0242ac110003,back_laser_stop_area_y,,Double,NORMAL_PARAMETER,2026-05-14 16:12:30,2026-05-14 16:12:39
1685c5ad-1db6-4b3c-9f6e-f8c91bf8d732,dcec1ec3-4f6c-11f1-8ba3-0242ac110003,front_laser_dec_area_x,,Double,NORMAL_PARAMETER,2026-05-14 16:14:01,2026-05-14 16:14:01
1781d67b-b8bb-4a55-bd76-f7c08032c34f,4baa900a-4f6c-11f1-8ba3-0242ac110003,front_laser_dec_area_y,,Double,NORMAL_PARAMETER,2026-05-14 16:09:57,2026-05-14 16:09:57
1798559e-8c6f-4763-b585-d724b4ab8fd3,e3986b9f-4f6c-11f1-8ba3-0242ac110003,front_laser_dec_area_x,,Double,NORMAL_PARAMETER,2026-05-14 16:14:12,2026-05-14 16:14:12
179b40cc-0b22-4147-9dbf-dbc75d2e32c0,28244edb-4f6c-11f1-8ba3-0242ac110003,front_laser_stop_area_y,,Double,NORMAL_PARAMETER,2026-05-14 16:08:57,2026-05-14 16:08:57
1ca89fc7-7ce1-42e4-b0d8-1d81c75e0fe0,2c6e2eba-4f6c-11f1-8ba3-0242ac110003,front_laser_dec_area_y,,Double,NORMAL_PARAMETER,2026-05-14 16:09:05,2026-05-14 16:09:39
1dd32014-691c-4d98-9ebd-9a17c2ffabd8,4ec24923-4f6d-11f1-8ba3-0242ac110003,front_laser_stop_area_x,,Double,NORMAL_PARAMETER,2026-05-14 16:17:12,2026-05-14 16:17:16
1e414354-fa11-45f6-820c-d6be756ca856,3731c74f-4f6c-11f1-8ba3-0242ac110003,max_rotate_speed,,Double,NORMAL_PARAMETER,2026-05-14 16:09:23,2026-05-14 16:09:48
1ea32911-b19f-40b5-bd7c-bc1b79bbf3b3,3230a809-4f6c-11f1-8ba3-0242ac110003,translation_acc,,Double,NORMAL_PARAMETER,2026-05-14 16:09:14,2026-05-14 16:09:14
1f100fb9-e400-4963-bb18-1c1316c4670c,a7221c15-4f6c-11f1-8ba3-0242ac110003,markerCode,3,String,NORMAL_PARAMETER,2026-05-14 16:12:30,2026-05-14 16:12:39
1f644635-9461-4163-8b5f-482109c2e765,c59e0e83-4f6c-11f1-8ba3-0242ac110003,agvMapId,91b7a2a8-4f61-11f1-8ba3-0242ac110003,String,NORMAL_PARAMETER,2026-05-14 16:13:22,2026-05-14 16:13:22
1f95dba3-b528-4b5a-9cef-a0d14934edc5,3230a809-4f6c-11f1-8ba3-0242ac110003,back_laser_stop_area_y,,Double,NORMAL_PARAMETER,2026-05-14 16:09:14,2026-05-14 16:09:14
1fb4be2e-941f-400d-a58c-b2c1e2c656d5,4baa900a-4f6c-11f1-8ba3-0242ac110003,back_laser_dec_area_y,,Double,NORMAL_PARAMETER,2026-05-14 16:09:57,2026-05-14 16:09:57
204df955-7a47-4e08-9f2e-742ecdf43528,4e567eef-4f6c-11f1-8ba3-0242ac110003,max_translation_speed,1.2,Double,NORMAL_PARAMETER,2026-05-14 16:10:01,2026-05-14 16:10:11
209314ef-ae0e-4220-ab60-63e17619312f,4baa900a-4f6c-11f1-8ba3-0242ac110003,safety,1,Integer,NORMAL_PARAMETER,2026-05-14 16:09:57,2026-05-14 16:09:57
21454a58-75d3-47c1-aef8-5555c9e49025,c59e0e83-4f6c-11f1-8ba3-0242ac110003,markerCode,3,String,NORMAL_PARAMETER,2026-05-14 16:13:22,2026-05-14 16:13:22
223ab8bd-d327-4e1f-bc2d-fdefdd57275e,e3986b9f-4f6c-11f1-8ba3-0242ac110003,D,,Double,NORMAL_PARAMETER,2026-05-14 16:14:12,2026-05-14 16:14:12
2293b3a6-1f5f-4d6d-ad91-1833fbc5ef10,4baa900a-4f6c-11f1-8ba3-0242ac110003,markerCode,3,String,NORMAL_PARAMETER,2026-05-14 16:09:57,2026-05-14 16:09:57
22f34efa-fd8f-4132-9d62-955785802481,5245768b-4f6d-11f1-8ba3-0242ac110003,back_laser_dec_area_y,,Double,NORMAL_PARAMETER,2026-05-14 16:17:18,2026-05-14 16:17:18
22f80afb-af71-4c01-b90a-ac1fa4e60476,5245768b-4f6d-11f1-8ba3-0242ac110003,safety,1,Integer,NORMAL_PARAMETER,2026-05-14 16:17:18,2026-05-14 16:17:18
23add317-5a93-4eb1-a057-273f10b259c5,4e567eef-4f6c-11f1-8ba3-0242ac110003,agvMapId,91b7a2a8-4f61-11f1-8ba3-0242ac110003,String,NORMAL_PARAMETER,2026-05-14 16:10:01,2026-05-14 16:10:11
246d2ad2-8003-4dff-94a0-48cbac36c382,3731c74f-4f6c-11f1-8ba3-0242ac110003,P,,Double,NORMAL_PARAMETER,2026-05-14 16:09:23,2026-05-14 16:09:48
25156639-7cb3-4224-ab10-42e925d703de,a7221c15-4f6c-11f1-8ba3-0242ac110003,P,,Double,NORMAL_PARAMETER,2026-05-14 16:12:30,2026-05-14 16:12:39
2520056b-4fea-411e-8763-8163f911d19c,62ccfa81-4f6d-11f1-8ba3-0242ac110003,rotate_acc,,Double,NORMAL_PARAMETER,2026-05-14 16:17:45,2026-05-14 16:17:51
253429b8-6736-44e3-8b98-fd1733497de8,674e8196-4f6d-11f1-8ba3-0242ac110003,front_laser_stop_area_x,,Double,NORMAL_PARAMETER,2026-05-14 16:17:53,2026-05-14 16:17:53
2642b319-00eb-46fa-9aa8-6983f6a77217,d5f75328-4f6c-11f1-8ba3-0242ac110003,D,,Double,NORMAL_PARAMETER,2026-05-14 16:13:49,2026-05-14 16:13:49
26a186ee-e5cb-4ff1-af3a-2442a09e7748,4dbce953-4f6d-11f1-8ba3-0242ac110003,max_rotate_speed,,Double,NORMAL_PARAMETER,2026-05-14 16:17:10,2026-05-14 16:17:10
26ae1796-4dec-4d4f-ba8f-11c3cc86ea2c,e3986b9f-4f6c-11f1-8ba3-0242ac110003,agvMapId,91b7a2a8-4f61-11f1-8ba3-0242ac110003,String,NORMAL_PARAMETER,2026-05-14 16:14:12,2026-05-14 16:14:12
2757fce3-e124-4fa1-b5d2-62baa6dbda20,d742fa91-4f6c-11f1-8ba3-0242ac110003,rotate_acc,,Double,NORMAL_PARAMETER,2026-05-14 16:13:51,2026-05-14 16:13:57
285e6946-14e9-446c-b86a-62b7d6a50d5d,dcec1ec3-4f6c-11f1-8ba3-0242ac110003,safety,1,Integer,NORMAL_PARAMETER,2026-05-14 16:14:01,2026-05-14 16:14:01
28a1c9b8-e0c8-4cee-8cc8-815ca8a3cf06,3230a809-4f6c-11f1-8ba3-0242ac110003,P,,Double,NORMAL_PARAMETER,2026-05-14 16:09:14,2026-05-14 16:09:14
2b1ff208-46c3-4d1c-9a6b-c93f96a1b7d8,4baa900a-4f6c-11f1-8ba3-0242ac110003,max_rotate_speed,,Double,NORMAL_PARAMETER,2026-05-14 16:09:57,2026-05-14 16:09:57
2bf22cbc-62c5-4b1e-a6b9-8afd17ec951e,2c6e2eba-4f6c-11f1-8ba3-0242ac110003,back_laser_stop_area_y,,Double,NORMAL_PARAMETER,2026-05-14 16:09:05,2026-05-14 16:09:39
2bff2596-ad1f-439b-b176-c55349fae7b8,d5f75328-4f6c-11f1-8ba3-0242ac110003,agvMapId,91b7a2a8-4f61-11f1-8ba3-0242ac110003,String,NORMAL_PARAMETER,2026-05-14 16:13:49,2026-05-14 16:13:49
2c529866-1416-479d-b0c1-38d892a07d15,a7221c15-4f6c-11f1-8ba3-0242ac110003,front_laser_stop_area_x,,Double,NORMAL_PARAMETER,2026-05-14 16:12:30,2026-05-14 16:12:39
2ff8f067-88c8-430e-8bd3-3ddce51c8c39,62ccfa81-4f6d-11f1-8ba3-0242ac110003,translation_acc,,Double,NORMAL_PARAMETER,2026-05-14 16:17:45,2026-05-14 16:17:51
304fdb43-b03e-4c23-b555-2a8bc61cd463,2c6e2eba-4f6c-11f1-8ba3-0242ac110003,back_laser_dec_area_x,,Double,NORMAL_PARAMETER,2026-05-14 16:09:05,2026-05-14 16:09:39
305529d4-b914-4d0a-9954-f7590af5aa0d,2c6e2eba-4f6c-11f1-8ba3-0242ac110003,D,,Double,NORMAL_PARAMETER,2026-05-14 16:09:05,2026-05-14 16:09:39
32a26f98-277a-4297-a4e9-ba788798946a,3230a809-4f6c-11f1-8ba3-0242ac110003,front_laser_stop_area_x,,Double,NORMAL_PARAMETER,2026-05-14 16:09:14,2026-05-14 16:09:14
32b7987c-6cd8-4ffc-90c5-b75947dfc270,3230a809-4f6c-11f1-8ba3-0242ac110003,D,,Double,NORMAL_PARAMETER,2026-05-14 16:09:14,2026-05-14 16:09:14
32bed829-dd0d-48e8-ad3c-eaa8d781120b,d5f75328-4f6c-11f1-8ba3-0242ac110003,rotate_acc,,Double,NORMAL_PARAMETER,2026-05-14 16:13:49,2026-05-14 16:13:49
32ecb2d3-4bdd-46a9-b8ec-59afeb0ce8cf,4ec24923-4f6d-11f1-8ba3-0242ac110003,rotate_acc,,Double,NORMAL_PARAMETER,2026-05-14 16:17:12,2026-05-14 16:17:16
365b3fab-28d4-4d03-bca6-dab8b7860a38,4ec24923-4f6d-11f1-8ba3-0242ac110003,back_laser_stop_area_y,,Double,NORMAL_PARAMETER,2026-05-14 16:17:12,2026-05-14 16:17:16
366f65fd-d687-41bc-950b-cee9ed814f67,4ec24923-4f6d-11f1-8ba3-0242ac110003,D,,Double,NORMAL_PARAMETER,2026-05-14 16:17:12,2026-05-14 16:17:16
3739cc2d-4d6e-4c94-927d-e3d0552c66f0,a7221c15-4f6c-11f1-8ba3-0242ac110003,max_rotate_speed,,Double,NORMAL_PARAMETER,2026-05-14 16:12:30,2026-05-14 16:12:39
388c6ac8-829b-49c8-9c27-80002654e319,dd0a6c16-4ff8-11f1-b019-0242ac110003,camera_name,"binocular_1,binocular_2",String,NORMAL_PARAMETER,2026-05-15 08:56:10,2026-05-15 08:58:16
395f60dc-b729-46b3-b1e7-1c1ba06ae094,e3986b9f-4f6c-11f1-8ba3-0242ac110003,safety,1,Integer,NORMAL_PARAMETER,2026-05-14 16:14:12,2026-05-14 16:14:12
3a718295-4c6d-43a1-babc-e7b8bc5e7c3d,d5f75328-4f6c-11f1-8ba3-0242ac110003,front_laser_dec_area_y,,Double,NORMAL_PARAMETER,2026-05-14 16:13:49,2026-05-14 16:13:49
3abca7c8-e6bb-49fc-8179-e48848c4600b,5245768b-4f6d-11f1-8ba3-0242ac110003,front_laser_dec_area_x,,Double,NORMAL_PARAMETER,2026-05-14 16:17:18,2026-05-14 16:17:18
3b86e953-ad11-49f9-a8d2-4965935b7359,c59e0e83-4f6c-11f1-8ba3-0242ac110003,front_laser_stop_area_x,,Double,NORMAL_PARAMETER,2026-05-14 16:13:22,2026-05-14 16:13:22
3bc059b5-57f7-43a2-bcbb-ee4eae1a3e8b,4ec24923-4f6d-11f1-8ba3-0242ac110003,agvMapId,91b7a2a8-4f61-11f1-8ba3-0242ac110003,String,NORMAL_PARAMETER,2026-05-14 16:17:12,2026-05-14 16:17:16
3c59b05b-cdcb-49d6-aa3a-4837e4c19660,614fd8e0-4f6d-11f1-8ba3-0242ac110003,back_laser_dec_area_x,,Double,NORMAL_PARAMETER,2026-05-14 16:17:43,2026-05-14 16:17:43
3ca7f6e0-d3c6-414a-b22f-a1b364d145cc,3731c74f-4f6c-11f1-8ba3-0242ac110003,front_laser_dec_area_y,,Double,NORMAL_PARAMETER,2026-05-14 16:09:23,2026-05-14 16:09:48
3cf9753f-22a3-4a55-8b13-c5ed38080408,674e8196-4f6d-11f1-8ba3-0242ac110003,max_translation_speed,,Double,NORMAL_PARAMETER,2026-05-14 16:17:53,2026-05-14 16:17:53
3d03f013-94d4-48cb-b320-19e15cd781b7,3731c74f-4f6c-11f1-8ba3-0242ac110003,back_laser_dec_area_y,,Double,NORMAL_PARAMETER,2026-05-14 16:09:23,2026-05-14 16:09:48
3d0b37de-4b30-478f-921a-173ce7d0cafc,2c6e2eba-4f6c-11f1-8ba3-0242ac110003,front_laser_stop_area_y,,Double,NORMAL_PARAMETER,2026-05-14 16:09:05,2026-05-14 16:09:39
3e7e696e-7875-43e7-8ab4-d248631c2d70,2c6e2eba-4f6c-11f1-8ba3-0242ac110003,pathParamSetting,1,Integer,NORMAL_PARAMETER,2026-05-14 16:09:05,2026-05-14 16:09:39
3f2936d6-03d8-4a3a-ab41-a53344de9ee3,a7221c15-4f6c-11f1-8ba3-0242ac110003,pathParamSetting,0,Integer,NORMAL_PARAMETER,2026-05-14 16:12:30,2026-05-14 16:12:39
3ff7d6f2-c0d4-4fb9-88c1-2c8c76c5d868,3731c74f-4f6c-11f1-8ba3-0242ac110003,pathParamSetting,1,Integer,NORMAL_PARAMETER,2026-05-14 16:09:23,2026-05-14 16:09:48
40da8f5a-5e7e-4cb3-ae33-76d7bfe322ab,dcec1ec3-4f6c-11f1-8ba3-0242ac110003,P,,Double,NORMAL_PARAMETER,2026-05-14 16:14:01,2026-05-14 16:14:01
43f4fd9b-de53-435b-b4bb-f49e92fa329b,674e8196-4f6d-11f1-8ba3-0242ac110003,back_laser_stop_area_y,,Double,NORMAL_PARAMETER,2026-05-14 16:17:53,2026-05-14 16:17:53
44234c33-d126-4e3c-81f8-09ca2a9a4312,2c6e2eba-4f6c-11f1-8ba3-0242ac110003,front_laser_stop_area_x,,Double,NORMAL_PARAMETER,2026-05-14 16:09:05,2026-05-14 16:09:39
44d069e0-192a-42dc-9077-0ee4b7996561,a7221c15-4f6c-11f1-8ba3-0242ac110003,front_laser_dec_area_y,,Double,NORMAL_PARAMETER,2026-05-14 16:12:30,2026-05-14 16:12:39
44e8273f-9bd2-4d80-9fad-9d1a40bab97a,614fd8e0-4f6d-11f1-8ba3-0242ac110003,front_laser_stop_area_x,,Double,NORMAL_PARAMETER,2026-05-14 16:17:43,2026-05-14 16:17:43
44e83f65-9806-4e92-bdb1-448a7cae4e2a,c7053761-4f6c-11f1-8ba3-0242ac110003,pathParamSetting,1,Integer,NORMAL_PARAMETER,2026-05-14 16:13:24,2026-05-14 16:13:41
457ff83b-1b56-47d7-b48d-e0dba441d1f7,3230a809-4f6c-11f1-8ba3-0242ac110003,front_laser_stop_area_y,,Double,NORMAL_PARAMETER,2026-05-14 16:09:14,2026-05-14 16:09:14
4591c139-5c56-4ec6-af6e-5f09b222b507,4dbce953-4f6d-11f1-8ba3-0242ac110003,P,,Double,NORMAL_PARAMETER,2026-05-14 16:17:10,2026-05-14 16:17:10
46a6bc32-4a69-4964-8311-d119cbbc629a,3731c74f-4f6c-11f1-8ba3-0242ac110003,max_translation_speed,0.8,Double,NORMAL_PARAMETER,2026-05-14 16:09:23,2026-05-14 16:09:48
47d03866-55ec-464b-b9cf-a0b08fe1a98d,614fd8e0-4f6d-11f1-8ba3-0242ac110003,back_laser_dec_area_y,,Double,NORMAL_PARAMETER,2026-05-14 16:17:43,2026-05-14 16:17:43
48fcf929-bf71-4802-afe9-db7585d80b7d,62ccfa81-4f6d-11f1-8ba3-0242ac110003,back_laser_dec_area_x,,Double,NORMAL_PARAMETER,2026-05-14 16:17:45,2026-05-14 16:17:51
495a2fd0-8b41-4a31-a010-688cf5e0e7b8,dea9bfff-4f6c-11f1-8ba3-0242ac110003,front_laser_dec_area_x,,Double,NORMAL_PARAMETER,2026-05-14 16:14:04,2026-05-14 16:14:10
495f789f-9bd7-49b9-815c-a61135caa06a,d5f75328-4f6c-11f1-8ba3-0242ac110003,max_translation_speed,,Double,NORMAL_PARAMETER,2026-05-14 16:13:49,2026-05-14 16:13:49
49c9672b-6282-4606-a805-3b582bdf0e1a,614fd8e0-4f6d-11f1-8ba3-0242ac110003,safety,1,Integer,NORMAL_PARAMETER,2026-05-14 16:17:43,2026-05-14 16:17:43
4a8a3c61-e547-45ab-aa35-d510c3de6e76,d742fa91-4f6c-11f1-8ba3-0242ac110003,max_rotate_speed,,Double,NORMAL_PARAMETER,2026-05-14 16:13:51,2026-05-14 16:13:57
4b31bc9f-8000-4af1-9141-0581f196d6d2,3731c74f-4f6c-11f1-8ba3-0242ac110003,front_laser_stop_area_y,,Double,NORMAL_PARAMETER,2026-05-14 16:09:23,2026-05-14 16:09:48
4d0b0916-a5ce-474d-9647-9ea4e1853c11,28244edb-4f6c-11f1-8ba3-0242ac110003,D,,Double,NORMAL_PARAMETER,2026-05-14 16:08:57,2026-05-14 16:08:57
4d802f70-8646-4f57-b3f0-4211f2a6e7da,3731c74f-4f6c-11f1-8ba3-0242ac110003,back_laser_dec_area_x,,Double,NORMAL_PARAMETER,2026-05-14 16:09:23,2026-05-14 16:09:48
4d900fa7-91e0-4e0d-b336-62a7610ad776,5245768b-4f6d-11f1-8ba3-0242ac110003,max_rotate_speed,,Double,NORMAL_PARAMETER,2026-05-14 16:17:18,2026-05-14 16:17:18
4d9c574b-01d4-43ad-82c8-821eb4455337,c7053761-4f6c-11f1-8ba3-0242ac110003,max_rotate_speed,,Double,NORMAL_PARAMETER,2026-05-14 16:13:24,2026-05-14 16:13:41
4f220d3d-83ec-4b63-8ccb-abb899346f16,c7053761-4f6c-11f1-8ba3-0242ac110003,agvMapId,91b7a2a8-4f61-11f1-8ba3-0242ac110003,String,NORMAL_PARAMETER,2026-05-14 16:13:24,2026-05-14 16:13:41
4f344e81-0e48-427f-b9ae-6f0e71a8a6b3,d742fa91-4f6c-11f1-8ba3-0242ac110003,front_laser_dec_area_x,,Double,NORMAL_PARAMETER,2026-05-14 16:13:51,2026-05-14 16:13:57
4f622886-029c-428a-8ae1-03ee886f0024,674e8196-4f6d-11f1-8ba3-0242ac110003,back_laser_dec_area_y,,Double,NORMAL_PARAMETER,2026-05-14 16:17:53,2026-05-14 16:17:53
4f7d3d5e-93b2-4bba-9817-16c790807690,62ccfa81-4f6d-11f1-8ba3-0242ac110003,agvMapId,91b7a2a8-4f61-11f1-8ba3-0242ac110003,String,NORMAL_PARAMETER,2026-05-14 16:17:45,2026-05-14 16:17:51
50034e41-0063-464c-9820-336136ce81f0,d742fa91-4f6c-11f1-8ba3-0242ac110003,back_laser_stop_area_x,,Double,NORMAL_PARAMETER,2026-05-14 16:13:51,2026-05-14 16:13:57
50c67683-6112-411f-83e4-609d313fe8d6,4e567eef-4f6c-11f1-8ba3-0242ac110003,max_rotate_speed,,Double,NORMAL_PARAMETER,2026-05-14 16:10:01,2026-05-14 16:10:11
515f8ca1-d2bd-424a-8955-923858ab43a9,62ccfa81-4f6d-11f1-8ba3-0242ac110003,front_laser_dec_area_x,,Double,NORMAL_PARAMETER,2026-05-14 16:17:45,2026-05-14 16:17:51
528d9959-7284-4bd3-b725-1b3fcdb60fd9,28244edb-4f6c-11f1-8ba3-0242ac110003,max_translation_speed,,Double,NORMAL_PARAMETER,2026-05-14 16:08:57,2026-05-14 16:08:57
5387b7f1-df9d-4a16-abfd-41611226fcc3,4ec24923-4f6d-11f1-8ba3-0242ac110003,front_laser_stop_area_y,,Double,NORMAL_PARAMETER,2026-05-14 16:17:12,2026-05-14 16:17:16
53de2fe6-c88c-4c3b-b213-3059602df857,c59e0e83-4f6c-11f1-8ba3-0242ac110003,translation_acc,,Double,NORMAL_PARAMETER,2026-05-14 16:13:22,2026-05-14 16:13:22
547d3eb9-46b1-4635-9c79-8fce18171d16,a7221c15-4f6c-11f1-8ba3-0242ac110003,D,,Double,NORMAL_PARAMETER,2026-05-14 16:12:30,2026-05-14 16:12:39
54a1b12b-39b4-4aab-ba3b-15d39c6142a7,dcec1ec3-4f6c-11f1-8ba3-0242ac110003,max_translation_speed,,Double,NORMAL_PARAMETER,2026-05-14 16:14:01,2026-05-14 16:14:01
5555354e-7d32-4dec-84b4-23d03b6c303a,d742fa91-4f6c-11f1-8ba3-0242ac110003,front_laser_dec_area_y,,Double,NORMAL_PARAMETER,2026-05-14 16:13:51,2026-05-14 16:13:57
55561477-fa09-4e5d-bbba-9a417f6c152d,28244edb-4f6c-11f1-8ba3-0242ac110003,rotate_acc,,Double,NORMAL_PARAMETER,2026-05-14 16:08:57,2026-05-14 16:08:57
5568a3e3-8946-4f68-b80e-8deb66973a62,5245768b-4f6d-11f1-8ba3-0242ac110003,D,,Double,NORMAL_PARAMETER,2026-05-14 16:17:18,2026-05-14 16:17:18
56141b33-d094-4208-a021-776728c0dc8a,d742fa91-4f6c-11f1-8ba3-0242ac110003,pathParamSetting,1,Integer,NORMAL_PARAMETER,2026-05-14 16:13:51,2026-05-14 16:13:57
56b209d0-c680-4fa7-8b5e-f684e6596529,4e567eef-4f6c-11f1-8ba3-0242ac110003,back_laser_stop_area_y,,Double,NORMAL_PARAMETER,2026-05-14 16:10:01,2026-05-14 16:10:11
57399385-7735-4f38-bfb7-643a3eefa02e,28244edb-4f6c-11f1-8ba3-0242ac110003,P,,Double,NORMAL_PARAMETER,2026-05-14 16:08:57,2026-05-14 16:08:57
582d5e2b-2540-43d5-9b12-1aa33cdb6fed,4baa900a-4f6c-11f1-8ba3-0242ac110003,front_laser_stop_area_y,,Double,NORMAL_PARAMETER,2026-05-14 16:09:57,2026-05-14 16:09:57
58360a15-8a12-4505-92b4-14dc9862f754,4dbce953-4f6d-11f1-8ba3-0242ac110003,front_laser_stop_area_y,,Double,NORMAL_PARAMETER,2026-05-14 16:17:10,2026-05-14 16:17:10
5839d4d6-acd1-4a8f-ad96-45d448a925c8,dea9bfff-4f6c-11f1-8ba3-0242ac110003,D,,Double,NORMAL_PARAMETER,2026-05-14 16:14:04,2026-05-14 16:14:10
5a27d6f5-fc61-45a0-b7d0-9fd71d9fcc85,c7053761-4f6c-11f1-8ba3-0242ac110003,front_laser_stop_area_x,,Double,NORMAL_PARAMETER,2026-05-14 16:13:24,2026-05-14 16:13:41
5ab410db-6125-44e8-ad67-c78f178f2f03,d5f75328-4f6c-11f1-8ba3-0242ac110003,markerCode,3,String,NORMAL_PARAMETER,2026-05-14 16:13:49,2026-05-14 16:13:49
5d13c18b-b39b-44da-a4a9-ce81c8df3323,dcec1ec3-4f6c-11f1-8ba3-0242ac110003,front_laser_stop_area_x,,Double,NORMAL_PARAMETER,2026-05-14 16:14:01,2026-05-14 16:14:01
5ecc0f88-c8f9-4ad5-926c-08bb90086bc1,4baa900a-4f6c-11f1-8ba3-0242ac110003,back_laser_stop_area_x,,Double,NORMAL_PARAMETER,2026-05-14 16:09:57,2026-05-14 16:09:57
5f3a2c42-c811-4e69-be49-75cdea0ebb24,5245768b-4f6d-11f1-8ba3-0242ac110003,back_laser_stop_area_x,,Double,NORMAL_PARAMETER,2026-05-14 16:17:18,2026-05-14 16:17:18
5fe295f0-da1e-416f-aaba-b8ef2e8a695b,3731c74f-4f6c-11f1-8ba3-0242ac110003,front_laser_stop_area_x,,Double,NORMAL_PARAMETER,2026-05-14 16:09:23,2026-05-14 16:09:48
5fe330e4-db4a-450b-b221-d31f6f33dd92,dd0a6c16-4ff8-11f1-b019-0242ac110003,is_thermometry,0,Int,NORMAL_PARAMETER,2026-05-15 08:56:10,2026-05-15 08:58:16
60dc233a-a8e5-42f4-95a5-8b3c8707ac1f,e3986b9f-4f6c-11f1-8ba3-0242ac110003,front_laser_stop_area_x,,Double,NORMAL_PARAMETER,2026-05-14 16:14:12,2026-05-14 16:14:12
615639bd-d7fb-40aa-9ec7-88b7758ab54b,a7221c15-4f6c-11f1-8ba3-0242ac110003,agvMapId,91b7a2a8-4f61-11f1-8ba3-0242ac110003,String,NORMAL_PARAMETER,2026-05-14 16:12:30,2026-05-14 16:12:39
61e62ee8-74ee-4955-a41d-5d3a372dbbd7,2c6e2eba-4f6c-11f1-8ba3-0242ac110003,P,,Double,NORMAL_PARAMETER,2026-05-14 16:09:05,2026-05-14 16:09:39
61fb2cb6-d8ef-40ac-8ef1-c3add22ed698,4baa900a-4f6c-11f1-8ba3-0242ac110003,translation_acc,,Double,NORMAL_PARAMETER,2026-05-14 16:09:57,2026-05-14 16:09:57
62298cf0-cb3e-4a72-bfee-1063e22f18f2,e3986b9f-4f6c-11f1-8ba3-0242ac110003,back_laser_stop_area_x,,Double,NORMAL_PARAMETER,2026-05-14 16:14:12,2026-05-14 16:14:12
633f5ccd-268e-4e6a-9bd6-93765df8ba7d,4e567eef-4f6c-11f1-8ba3-0242ac110003,translation_acc,,Double,NORMAL_PARAMETER,2026-05-14 16:10:01,2026-05-14 16:10:11
6458e8ed-f35e-4c3b-a1e8-556f864b77b8,62ccfa81-4f6d-11f1-8ba3-0242ac110003,front_laser_stop_area_y,,Double,NORMAL_PARAMETER,2026-05-14 16:17:45,2026-05-14 16:17:51
65e82d58-ac6a-4f1f-ae6c-4f6622c5f09a,d5f75328-4f6c-11f1-8ba3-0242ac110003,P,,Double,NORMAL_PARAMETER,2026-05-14 16:13:49,2026-05-14 16:13:49
66f04652-4d05-4a6f-a40c-a6a702fdc092,3230a809-4f6c-11f1-8ba3-0242ac110003,max_translation_speed,,Double,NORMAL_PARAMETER,2026-05-14 16:09:14,2026-05-14 16:09:14
67a93e5a-d3af-4a58-ad89-24b44dbae64e,dcec1ec3-4f6c-11f1-8ba3-0242ac110003,D,,Double,NORMAL_PARAMETER,2026-05-14 16:14:01,2026-05-14 16:14:01
67fdbfa4-1db1-41ee-9a73-aee6071bbe14,dea9bfff-4f6c-11f1-8ba3-0242ac110003,markerCode,5,String,NORMAL_PARAMETER,2026-05-14 16:14:04,2026-05-14 16:14:10
682cb3d5-3753-4693-8707-cc5d51953b4e,dcec1ec3-4f6c-11f1-8ba3-0242ac110003,agvMapId,91b7a2a8-4f61-11f1-8ba3-0242ac110003,String,NORMAL_PARAMETER,2026-05-14 16:14:01,2026-05-14 16:14:01
696ca52b-794d-43ff-bc00-470444cbfdcd,dea9bfff-4f6c-11f1-8ba3-0242ac110003,agvMapId,91b7a2a8-4f61-11f1-8ba3-0242ac110003,String,NORMAL_PARAMETER,2026-05-14 16:14:04,2026-05-14 16:14:10
6bbd4fb7-29fd-4469-b99e-59e18214b2ef,4ec24923-4f6d-11f1-8ba3-0242ac110003,max_translation_speed,,Double,NORMAL_PARAMETER,2026-05-14 16:17:12,2026-05-14 16:17:16
6c79a8ef-7c41-4852-b6ff-581ac05b744d,d742fa91-4f6c-11f1-8ba3-0242ac110003,max_translation_speed,0.8,Double,NORMAL_PARAMETER,2026-05-14 16:13:51,2026-05-14 16:13:57
6d1c94ca-86b4-4ea4-988a-2c376059cd86,c59e0e83-4f6c-11f1-8ba3-0242ac110003,front_laser_stop_area_y,,Double,NORMAL_PARAMETER,2026-05-14 16:13:22,2026-05-14 16:13:22
6e3957ad-bdb7-4904-a13e-b1ca733e26d4,674e8196-4f6d-11f1-8ba3-0242ac110003,markerCode,3,String,NORMAL_PARAMETER,2026-05-14 16:17:53,2026-05-14 16:17:53
7038634b-fb8f-4f9e-968a-faa3b56e0c94,4baa900a-4f6c-11f1-8ba3-0242ac110003,max_translation_speed,,Double,NORMAL_PARAMETER,2026-05-14 16:09:57,2026-05-14 16:09:57
703b007f-c2a3-4082-abb6-f949d5a56fc7,5245768b-4f6d-11f1-8ba3-0242ac110003,back_laser_stop_area_y,,Double,NORMAL_PARAMETER,2026-05-14 16:17:18,2026-05-14 16:17:18
73302e97-2a58-44a2-9cba-b5da43bb87a6,d742fa91-4f6c-11f1-8ba3-0242ac110003,back_laser_dec_area_x,,Double,NORMAL_PARAMETER,2026-05-14 16:13:51,2026-05-14 16:13:57
73ab4b55-90dd-4ead-b976-74441154bce2,614fd8e0-4f6d-11f1-8ba3-0242ac110003,front_laser_stop_area_y,,Double,NORMAL_PARAMETER,2026-05-14 16:17:43,2026-05-14 16:17:43
76172824-ffc1-4374-9971-0b01f1d94787,3230a809-4f6c-11f1-8ba3-0242ac110003,rotate_acc,,Double,NORMAL_PARAMETER,2026-05-14 16:09:14,2026-05-14 16:09:14
7715cc9d-34bd-4954-8eb2-c14a66448c60,5245768b-4f6d-11f1-8ba3-0242ac110003,front_laser_stop_area_x,,Double,NORMAL_PARAMETER,2026-05-14 16:17:18,2026-05-14 16:17:18
776c60f9-476a-4827-be40-05128b80dc2f,4baa900a-4f6c-11f1-8ba3-0242ac110003,back_laser_stop_area_y,,Double,NORMAL_PARAMETER,2026-05-14 16:09:57,2026-05-14 16:09:57
7773d9db-87b8-4ed3-93d2-6e9929cbff7a,dea9bfff-4f6c-11f1-8ba3-0242ac110003,max_rotate_speed,,Double,NORMAL_PARAMETER,2026-05-14 16:14:04,2026-05-14 16:14:10
78718998-ccc3-4907-89ad-0c106a8def39,e3986b9f-4f6c-11f1-8ba3-0242ac110003,markerCode,3,String,NORMAL_PARAMETER,2026-05-14 16:14:12,2026-05-14 16:14:12
78d2a848-6d1f-4cef-84df-bcdfbafe009f,4dbce953-4f6d-11f1-8ba3-0242ac110003,markerCode,1,String,NORMAL_PARAMETER,2026-05-14 16:17:10,2026-05-14 16:17:10
796c132f-f23f-49b1-9137-9d14b4092263,c59e0e83-4f6c-11f1-8ba3-0242ac110003,pathParamSetting,0,Integer,NORMAL_PARAMETER,2026-05-14 16:13:22,2026-05-14 16:13:22
79b6f3e6-3e3b-4efc-81aa-b432dc15e701,674e8196-4f6d-11f1-8ba3-0242ac110003,pathParamSetting,0,Integer,NORMAL_PARAMETER,2026-05-14 16:17:53,2026-05-14 16:17:53
7ad12dcf-4ae8-4815-8cd9-38e0f4f919f5,e3986b9f-4f6c-11f1-8ba3-0242ac110003,P,,Double,NORMAL_PARAMETER,2026-05-14 16:14:12,2026-05-14 16:14:12
7b043cce-3399-4c94-b6b4-f9668b17634c,c59e0e83-4f6c-11f1-8ba3-0242ac110003,back_laser_dec_area_x,,Double,NORMAL_PARAMETER,2026-05-14 16:13:22,2026-05-14 16:13:22
7b6a9090-8654-4c5a-985e-b9bcc32f05d6,62ccfa81-4f6d-11f1-8ba3-0242ac110003,back_laser_dec_area_y,,Double,NORMAL_PARAMETER,2026-05-14 16:17:45,2026-05-14 16:17:51
7c5aad37-6bd1-4d25-9023-b891249438af,4dbce953-4f6d-11f1-8ba3-0242ac110003,D,,Double,NORMAL_PARAMETER,2026-05-14 16:17:10,2026-05-14 16:17:10
7f055bf6-fdbd-4807-9dff-4268c2bc9d02,5245768b-4f6d-11f1-8ba3-0242ac110003,pathParamSetting,0,Integer,NORMAL_PARAMETER,2026-05-14 16:17:18,2026-05-14 16:17:18
7f225592-7e6b-4bb9-8081-8d928e6fdc00,28244edb-4f6c-11f1-8ba3-0242ac110003,back_laser_stop_area_y,,Double,NORMAL_PARAMETER,2026-05-14 16:08:57,2026-05-14 16:08:57
7f54d9bc-f61c-473f-aac2-51ff3d921256,62ccfa81-4f6d-11f1-8ba3-0242ac110003,safety,1,Integer,NORMAL_PARAMETER,2026-05-14 16:17:45,2026-05-14 16:17:51
7f935200-ccb6-44a1-bc7a-b33bab66d83a,4dbce953-4f6d-11f1-8ba3-0242ac110003,max_translation_speed,,Double,NORMAL_PARAMETER,2026-05-14 16:17:10,2026-05-14 16:17:10
803adf32-3d0f-46f3-9fb1-db888194b667,62ccfa81-4f6d-11f1-8ba3-0242ac110003,back_laser_stop_area_x,,Double,NORMAL_PARAMETER,2026-05-14 16:17:45,2026-05-14 16:17:51
806c20ba-0717-4bbf-9772-9ffc731fb564,e3986b9f-4f6c-11f1-8ba3-0242ac110003,rotate_acc,,Double,NORMAL_PARAMETER,2026-05-14 16:14:12,2026-05-14 16:14:12
81c90cc9-bd06-46a7-b85a-ec040125283d,2c6e2eba-4f6c-11f1-8ba3-0242ac110003,back_laser_dec_area_y,,Double,NORMAL_PARAMETER,2026-05-14 16:09:05,2026-05-14 16:09:39
8208e84f-964d-4c69-afbe-7c4e4214431b,2c6e2eba-4f6c-11f1-8ba3-0242ac110003,front_laser_dec_area_x,,Double,NORMAL_PARAMETER,2026-05-14 16:09:05,2026-05-14 16:09:39
82db716b-ab1f-4fca-823f-ccbe04c02fdf,28244edb-4f6c-11f1-8ba3-0242ac110003,max_rotate_speed,,Double,NORMAL_PARAMETER,2026-05-14 16:08:57,2026-05-14 16:08:57
83ef04f0-b923-479b-9c1c-5aad2db57a04,3230a809-4f6c-11f1-8ba3-0242ac110003,back_laser_stop_area_x,,Double,NORMAL_PARAMETER,2026-05-14 16:09:14,2026-05-14 16:09:14
84d037f3-153c-44a7-850e-104f76403a6d,dcec1ec3-4f6c-11f1-8ba3-0242ac110003,back_laser_stop_area_x,,Double,NORMAL_PARAMETER,2026-05-14 16:14:01,2026-05-14 16:14:01
85be5df8-3435-426d-8283-482841ece55d,4e567eef-4f6c-11f1-8ba3-0242ac110003,back_laser_dec_area_x,,Double,NORMAL_PARAMETER,2026-05-14 16:10:01,2026-05-14 16:10:11
85f8cfcf-fe69-42b6-a4c0-509ef8bf6052,3731c74f-4f6c-11f1-8ba3-0242ac110003,back_laser_stop_area_y,,Double,NORMAL_PARAMETER,2026-05-14 16:09:23,2026-05-14 16:09:48
86034e29-0eb0-4864-b5fc-7d133903365d,28244edb-4f6c-11f1-8ba3-0242ac110003,front_laser_dec_area_x,,Double,NORMAL_PARAMETER,2026-05-14 16:08:57,2026-05-14 16:08:57
86812ef0-afd3-4988-b79a-b118fbaa9514,dea9bfff-4f6c-11f1-8ba3-0242ac110003,safety,1,Integer,NORMAL_PARAMETER,2026-05-14 16:14:04,2026-05-14 16:14:10
87619b0a-acb2-42fc-ab54-fa85127a1010,d5f75328-4f6c-11f1-8ba3-0242ac110003,back_laser_dec_area_x,,Double,NORMAL_PARAMETER,2026-05-14 16:13:49,2026-05-14 16:13:49
87c0cef2-935e-46e2-a87f-d8b23fd1d33c,e3986b9f-4f6c-11f1-8ba3-0242ac110003,max_rotate_speed,,Double,NORMAL_PARAMETER,2026-05-14 16:14:12,2026-05-14 16:14:12
882ebd71-be15-4d99-ad53-eea8191082d2,c7053761-4f6c-11f1-8ba3-0242ac110003,front_laser_dec_area_y,,Double,NORMAL_PARAMETER,2026-05-14 16:13:24,2026-05-14 16:13:41
88907bd6-a2e2-4355-b4d7-e72672020ffc,674e8196-4f6d-11f1-8ba3-0242ac110003,front_laser_stop_area_y,,Double,NORMAL_PARAMETER,2026-05-14 16:17:53,2026-05-14 16:17:53
895470a7-78a4-4c9c-b029-f5d57ba6f152,dcec1ec3-4f6c-11f1-8ba3-0242ac110003,max_rotate_speed,,Double,NORMAL_PARAMETER,2026-05-14 16:14:01,2026-05-14 16:14:01
89987437-95b9-447b-a5f4-7f3deb0ec8d8,c59e0e83-4f6c-11f1-8ba3-0242ac110003,back_laser_stop_area_y,,Double,NORMAL_PARAMETER,2026-05-14 16:13:22,2026-05-14 16:13:22
8a81ecc4-1c86-4d27-90ab-094254dd94a3,dea9bfff-4f6c-11f1-8ba3-0242ac110003,translation_acc,,Double,NORMAL_PARAMETER,2026-05-14 16:14:04,2026-05-14 16:14:10
8b251ab3-e72e-4f74-b26f-757620376c2e,62ccfa81-4f6d-11f1-8ba3-0242ac110003,max_rotate_speed,,Double,NORMAL_PARAMETER,2026-05-14 16:17:45,2026-05-14 16:17:51
8ccef321-32c6-4fc6-8e0a-e5f86c9bac3a,4baa900a-4f6c-11f1-8ba3-0242ac110003,front_laser_dec_area_x,,Double,NORMAL_PARAMETER,2026-05-14 16:09:57,2026-05-14 16:09:57
8d346a89-f259-48fa-8711-3752de21c545,3731c74f-4f6c-11f1-8ba3-0242ac110003,translation_acc,,Double,NORMAL_PARAMETER,2026-05-14 16:09:23,2026-05-14 16:09:48
8db554f9-79e9-41eb-bdf0-7d658419a9aa,614fd8e0-4f6d-11f1-8ba3-0242ac110003,rotate_acc,,Double,NORMAL_PARAMETER,2026-05-14 16:17:43,2026-05-14 16:17:43
8ec610f5-5ca9-4b76-96a6-fe567f6318ec,4ec24923-4f6d-11f1-8ba3-0242ac110003,front_laser_dec_area_x,,Double,NORMAL_PARAMETER,2026-05-14 16:17:12,2026-05-14 16:17:16
9047e262-fa72-45e9-a238-5c436af5085b,c59e0e83-4f6c-11f1-8ba3-0242ac110003,front_laser_dec_area_x,,Double,NORMAL_PARAMETER,2026-05-14 16:13:22,2026-05-14 16:13:22
90fb0deb-f304-4c67-a8ad-ffe09e559b67,dcec1ec3-4f6c-11f1-8ba3-0242ac110003,back_laser_stop_area_y,,Double,NORMAL_PARAMETER,2026-05-14 16:14:01,2026-05-14 16:14:01
9203231d-2433-4862-b137-4ec01c03f37c,d742fa91-4f6c-11f1-8ba3-0242ac110003,back_laser_stop_area_y,,Double,NORMAL_PARAMETER,2026-05-14 16:13:51,2026-05-14 16:13:57
9366da54-433f-4785-8457-51d9f9e9de94,dea9bfff-4f6c-11f1-8ba3-0242ac110003,pathParamSetting,1,Integer,NORMAL_PARAMETER,2026-05-14 16:14:04,2026-05-14 16:14:10
9410d042-780c-456b-84d4-d223d8f9ed20,614fd8e0-4f6d-11f1-8ba3-0242ac110003,max_translation_speed,,Double,NORMAL_PARAMETER,2026-05-14 16:17:43,2026-05-14 16:17:43
94717192-3abf-4b46-9976-5112528236b3,674e8196-4f6d-11f1-8ba3-0242ac110003,agvMapId,91b7a2a8-4f61-11f1-8ba3-0242ac110003,String,NORMAL_PARAMETER,2026-05-14 16:17:53,2026-05-14 16:17:53
9560f950-bfad-4073-b989-0da17a5f1b17,c7053761-4f6c-11f1-8ba3-0242ac110003,back_laser_dec_area_x,,Double,NORMAL_PARAMETER,2026-05-14 16:13:24,2026-05-14 16:13:41
95dc0c1a-b2b3-4c54-b29b-af98462cf966,d742fa91-4f6c-11f1-8ba3-0242ac110003,translation_acc,,Double,NORMAL_PARAMETER,2026-05-14 16:13:51,2026-05-14 16:13:57
96357883-ff18-444f-a0e8-2086ad990975,4dbce953-4f6d-11f1-8ba3-0242ac110003,rotate_acc,,Double,NORMAL_PARAMETER,2026-05-14 16:17:10,2026-05-14 16:17:10
970d1e95-5c78-43a2-91a3-6b3345de021f,dea9bfff-4f6c-11f1-8ba3-0242ac110003,back_laser_stop_area_y,,Double,NORMAL_PARAMETER,2026-05-14 16:14:04,2026-05-14 16:14:10
99a3d589-97c4-4032-bfdb-2cb28aaf147d,4dbce953-4f6d-11f1-8ba3-0242ac110003,pathParamSetting,0,Integer,NORMAL_PARAMETER,2026-05-14 16:17:10,2026-05-14 16:17:10
9d34ef4f-cac4-42d0-99e2-71e8303863c3,c7053761-4f6c-11f1-8ba3-0242ac110003,back_laser_dec_area_y,,Double,NORMAL_PARAMETER,2026-05-14 16:13:24,2026-05-14 16:13:41
9d73cd42-ba4d-4b58-bf57-3efef01b5416,e3986b9f-4f6c-11f1-8ba3-0242ac110003,back_laser_stop_area_y,,Double,NORMAL_PARAMETER,2026-05-14 16:14:12,2026-05-14 16:14:12
9dc6de14-6eee-41c9-a57d-bd3a2b07906b,c7053761-4f6c-11f1-8ba3-0242ac110003,translation_acc,,Double,NORMAL_PARAMETER,2026-05-14 16:13:24,2026-05-14 16:13:41
9e3925d7-6d52-49d8-a08f-7fe0ffbda07a,4ec24923-4f6d-11f1-8ba3-0242ac110003,max_rotate_speed,,Double,NORMAL_PARAMETER,2026-05-14 16:17:12,2026-05-14 16:17:16
9e4ebd9f-f495-40bd-bc0c-ab4a32fad942,62ccfa81-4f6d-11f1-8ba3-0242ac110003,P,,Double,NORMAL_PARAMETER,2026-05-14 16:17:45,2026-05-14 16:17:51
9e949480-ad27-47bd-896e-a7d0ade09269,3230a809-4f6c-11f1-8ba3-0242ac110003,back_laser_dec_area_y,,Double,NORMAL_PARAMETER,2026-05-14 16:09:14,2026-05-14 16:09:14
9ff744e1-0abb-4790-82f7-d46e68139dee,2c6e2eba-4f6c-11f1-8ba3-0242ac110003,markerCode,4,String,NORMAL_PARAMETER,2026-05-14 16:09:05,2026-05-14 16:09:39
a00ed380-ac87-476b-a425-c4021ff84ded,5245768b-4f6d-11f1-8ba3-0242ac110003,front_laser_dec_area_y,,Double,NORMAL_PARAMETER,2026-05-14 16:17:18,2026-05-14 16:17:18
a04d63a8-3972-4c46-a311-800199849cc9,d5f75328-4f6c-11f1-8ba3-0242ac110003,front_laser_stop_area_x,,Double,NORMAL_PARAMETER,2026-05-14 16:13:49,2026-05-14 16:13:49
a1231158-e139-4996-bac6-6bad50f41b3d,4ec24923-4f6d-11f1-8ba3-0242ac110003,translation_acc,,Double,NORMAL_PARAMETER,2026-05-14 16:17:12,2026-05-14 16:17:16
a1ae2b2b-0d46-487a-8184-6626da43070e,d5f75328-4f6c-11f1-8ba3-0242ac110003,pathParamSetting,0,Integer,NORMAL_PARAMETER,2026-05-14 16:13:49,2026-05-14 16:13:49
a2ac2a2e-2f34-4edc-a74d-0eba85099fa8,dcec1ec3-4f6c-11f1-8ba3-0242ac110003,front_laser_dec_area_y,,Double,NORMAL_PARAMETER,2026-05-14 16:14:01,2026-05-14 16:14:01
a459b61e-9510-46b7-ba6c-ad708152f306,dcec1ec3-4f6c-11f1-8ba3-0242ac110003,pathParamSetting,0,Integer,NORMAL_PARAMETER,2026-05-14 16:14:01,2026-05-14 16:14:01
a46333a8-8869-4049-b89c-adb9795c9d01,3731c74f-4f6c-11f1-8ba3-0242ac110003,agvMapId,91b7a2a8-4f61-11f1-8ba3-0242ac110003,String,NORMAL_PARAMETER,2026-05-14 16:09:23,2026-05-14 16:09:48
a4c94a4f-2c1b-40d8-885b-159019542ce5,e3986b9f-4f6c-11f1-8ba3-0242ac110003,pathParamSetting,0,Integer,NORMAL_PARAMETER,2026-05-14 16:14:12,2026-05-14 16:14:12
a505b628-0be0-4907-b7eb-5484815b80d8,c59e0e83-4f6c-11f1-8ba3-0242ac110003,safety,1,Integer,NORMAL_PARAMETER,2026-05-14 16:13:22,2026-05-14 16:13:22
a5e06439-f0e4-42d9-97c9-7d0b860e5f3d,c7053761-4f6c-11f1-8ba3-0242ac110003,max_translation_speed,0.4,Double,NORMAL_PARAMETER,2026-05-14 16:13:24,2026-05-14 16:13:41
a8946ad6-7bc0-4827-bff5-fa3c7673b8f7,dcec1ec3-4f6c-11f1-8ba3-0242ac110003,back_laser_dec_area_x,,Double,NORMAL_PARAMETER,2026-05-14 16:14:01,2026-05-14 16:14:01
a8f4349f-33a8-4c29-80f6-1defded8afc5,4e567eef-4f6c-11f1-8ba3-0242ac110003,back_laser_dec_area_y,,Double,NORMAL_PARAMETER,2026-05-14 16:10:01,2026-05-14 16:10:11
a90a5ddb-d53c-45f3-be37-87f729807d26,a7221c15-4f6c-11f1-8ba3-0242ac110003,safety,1,Integer,NORMAL_PARAMETER,2026-05-14 16:12:30,2026-05-14 16:12:39
aa366ecb-51c4-44b4-82e5-03d70cf67578,4baa900a-4f6c-11f1-8ba3-0242ac110003,rotate_acc,,Double,NORMAL_PARAMETER,2026-05-14 16:09:57,2026-05-14 16:09:57
aab8f2bb-5312-4768-a134-183a6bf8ce7e,674e8196-4f6d-11f1-8ba3-0242ac110003,translation_acc,,Double,NORMAL_PARAMETER,2026-05-14 16:17:53,2026-05-14 16:17:53
ab1bccb7-398b-455c-bdff-25f06139a5b0,d742fa91-4f6c-11f1-8ba3-0242ac110003,back_laser_dec_area_y,,Double,NORMAL_PARAMETER,2026-05-14 16:13:51,2026-05-14 16:13:57
ab4569ce-20aa-41b6-8974-d0afa7619763,28244edb-4f6c-11f1-8ba3-0242ac110003,back_laser_dec_area_x,,Double,NORMAL_PARAMETER,2026-05-14 16:08:57,2026-05-14 16:08:57
ac832ab0-0151-433a-9a02-dd81193d634f,d5f75328-4f6c-11f1-8ba3-0242ac110003,translation_acc,,Double,NORMAL_PARAMETER,2026-05-14 16:13:49,2026-05-14 16:13:49
ac95705c-6501-4782-a33c-d4ff37c9d858,d5f75328-4f6c-11f1-8ba3-0242ac110003,front_laser_dec_area_x,,Double,NORMAL_PARAMETER,2026-05-14 16:13:49,2026-05-14 16:13:49
acd4927c-111f-4a8d-bf63-1d5b0486d525,3230a809-4f6c-11f1-8ba3-0242ac110003,agvMapId,91b7a2a8-4f61-11f1-8ba3-0242ac110003,String,NORMAL_PARAMETER,2026-05-14 16:09:14,2026-05-14 16:09:14
adfa5093-13bd-4941-97aa-c986442fce24,4e567eef-4f6c-11f1-8ba3-0242ac110003,back_laser_stop_area_x,,Double,NORMAL_PARAMETER,2026-05-14 16:10:01,2026-05-14 16:10:11
ae0e72c2-7dd6-47ce-b8f8-140468faaf66,3731c74f-4f6c-11f1-8ba3-0242ac110003,safety,1,Integer,NORMAL_PARAMETER,2026-05-14 16:09:23,2026-05-14 16:09:48
afb91890-0793-4549-8bdd-ca3ed9521432,674e8196-4f6d-11f1-8ba3-0242ac110003,safety,1,Integer,NORMAL_PARAMETER,2026-05-14 16:17:53,2026-05-14 16:17:53
aff19fef-4062-4d09-ae3d-0407afae96fd,5245768b-4f6d-11f1-8ba3-0242ac110003,back_laser_dec_area_x,,Double,NORMAL_PARAMETER,2026-05-14 16:17:18,2026-05-14 16:17:18
b0a0b0de-2e5f-43b3-aef7-4a7f3061d657,674e8196-4f6d-11f1-8ba3-0242ac110003,D,,Double,NORMAL_PARAMETER,2026-05-14 16:17:53,2026-05-14 16:17:53
b0dc4948-47f0-4ff2-807d-0f2492e775e6,614fd8e0-4f6d-11f1-8ba3-0242ac110003,D,,Double,NORMAL_PARAMETER,2026-05-14 16:17:43,2026-05-14 16:17:43
b14bb4bf-45ea-4aec-b6b9-160e06c9dc37,3731c74f-4f6c-11f1-8ba3-0242ac110003,D,,Double,NORMAL_PARAMETER,2026-05-14 16:09:23,2026-05-14 16:09:48
b3083d78-e4e7-4b6e-a295-ad0374836bd5,4e567eef-4f6c-11f1-8ba3-0242ac110003,markerCode,4,String,NORMAL_PARAMETER,2026-05-14 16:10:01,2026-05-14 16:10:11
b448bbcf-2d27-4add-9bc2-6a2432fa71e2,a7221c15-4f6c-11f1-8ba3-0242ac110003,max_translation_speed,,Double,NORMAL_PARAMETER,2026-05-14 16:12:30,2026-05-14 16:12:39
b569234f-ac82-4211-9a65-78a00333d05f,e3986b9f-4f6c-11f1-8ba3-0242ac110003,back_laser_dec_area_x,,Double,NORMAL_PARAMETER,2026-05-14 16:14:12,2026-05-14 16:14:12
b7f9c750-1d51-472d-b320-e464d1d56e65,4ec24923-4f6d-11f1-8ba3-0242ac110003,back_laser_dec_area_x,,Double,NORMAL_PARAMETER,2026-05-14 16:17:12,2026-05-14 16:17:16
b97b2696-ad66-4636-983c-34a634abcbd1,a7221c15-4f6c-11f1-8ba3-0242ac110003,translation_acc,,Double,NORMAL_PARAMETER,2026-05-14 16:12:30,2026-05-14 16:12:39
bb10058b-e395-491a-acc7-c543c98cc1f6,a7221c15-4f6c-11f1-8ba3-0242ac110003,front_laser_dec_area_x,,Double,NORMAL_PARAMETER,2026-05-14 16:12:30,2026-05-14 16:12:39
bb15dd66-3a02-45f2-a16f-267e3c84e32f,4dbce953-4f6d-11f1-8ba3-0242ac110003,front_laser_stop_area_x,,Double,NORMAL_PARAMETER,2026-05-14 16:17:10,2026-05-14 16:17:10
bbdb929f-97b8-4d9a-a2d9-f1f9af0416ad,4dbce953-4f6d-11f1-8ba3-0242ac110003,translation_acc,,Double,NORMAL_PARAMETER,2026-05-14 16:17:10,2026-05-14 16:17:10
bce6378e-bba0-49d0-94a7-fd3a93ccfe7c,2c6e2eba-4f6c-11f1-8ba3-0242ac110003,max_translation_speed,0.4,Double,NORMAL_PARAMETER,2026-05-14 16:09:05,2026-05-14 16:09:39
bd72cf2f-4fb8-4f9e-873e-4921f3fa8676,c59e0e83-4f6c-11f1-8ba3-0242ac110003,front_laser_dec_area_y,,Double,NORMAL_PARAMETER,2026-05-14 16:13:22,2026-05-14 16:13:22
be140e62-a4eb-47eb-a51f-52d544619e5b,3731c74f-4f6c-11f1-8ba3-0242ac110003,front_laser_dec_area_x,,Double,NORMAL_PARAMETER,2026-05-14 16:09:23,2026-05-14 16:09:48
bedef61e-bc10-47ec-a9c1-a762537d0da8,4baa900a-4f6c-11f1-8ba3-0242ac110003,agvMapId,91b7a2a8-4f61-11f1-8ba3-0242ac110003,String,NORMAL_PARAMETER,2026-05-14 16:09:57,2026-05-14 16:09:57
c1119402-9e06-49c5-98b7-f32abf30514a,dcec1ec3-4f6c-11f1-8ba3-0242ac110003,markerCode,3,String,NORMAL_PARAMETER,2026-05-14 16:14:01,2026-05-14 16:14:01
c1607ac0-9697-4f4c-b42c-b14d3d7ecf7f,3731c74f-4f6c-11f1-8ba3-0242ac110003,back_laser_stop_area_x,,Double,NORMAL_PARAMETER,2026-05-14 16:09:23,2026-05-14 16:09:48
c18173c9-b8ec-49fe-af62-374aa43a6a26,c59e0e83-4f6c-11f1-8ba3-0242ac110003,max_rotate_speed,,Double,NORMAL_PARAMETER,2026-05-14 16:13:22,2026-05-14 16:13:22
c1b21a82-035b-430d-ad92-bc7172b2eaa0,614fd8e0-4f6d-11f1-8ba3-0242ac110003,front_laser_dec_area_x,,Double,NORMAL_PARAMETER,2026-05-14 16:17:43,2026-05-14 16:17:43
c1d74902-0412-4daf-8771-1dc1aead83d5,5245768b-4f6d-11f1-8ba3-0242ac110003,translation_acc,,Double,NORMAL_PARAMETER,2026-05-14 16:17:18,2026-05-14 16:17:18
c1d81d17-c470-423c-aa86-d9437e3c0b7d,5245768b-4f6d-11f1-8ba3-0242ac110003,markerCode,1,String,NORMAL_PARAMETER,2026-05-14 16:17:18,2026-05-14 16:17:18
c1d88d9b-ce4c-4495-ad8d-3edf7a5a0d5d,dd0a6c16-4ff8-11f1-b019-0242ac110003,sleepTime,3,Int,NORMAL_PARAMETER,2026-05-15 08:56:10,2026-05-15 08:58:16
c290a333-86d2-423c-87d8-1deae0d04278,674e8196-4f6d-11f1-8ba3-0242ac110003,rotate_acc,,Double,NORMAL_PARAMETER,2026-05-14 16:17:53,2026-05-14 16:17:53
c295e5d6-ef50-45f4-98f2-325e1556cdf2,c7053761-4f6c-11f1-8ba3-0242ac110003,back_laser_stop_area_x,,Double,NORMAL_PARAMETER,2026-05-14 16:13:24,2026-05-14 16:13:41
c29baa7f-00c6-43a1-a15f-5436e0a180f6,d5f75328-4f6c-11f1-8ba3-0242ac110003,front_laser_stop_area_y,,Double,NORMAL_PARAMETER,2026-05-14 16:13:49,2026-05-14 16:13:49
c2d1c5ba-a27c-406a-88a8-1ce921acb1bb,dea9bfff-4f6c-11f1-8ba3-0242ac110003,rotate_acc,,Double,NORMAL_PARAMETER,2026-05-14 16:14:04,2026-05-14 16:14:10
c3caaf5d-712f-4ff1-a8ec-b1bad0005243,4baa900a-4f6c-11f1-8ba3-0242ac110003,pathParamSetting,0,Integer,NORMAL_PARAMETER,2026-05-14 16:09:57,2026-05-14 16:09:57
c3f9bc24-4c7f-4ad4-a4da-583e1e391ebe,dea9bfff-4f6c-11f1-8ba3-0242ac110003,front_laser_dec_area_y,,Double,NORMAL_PARAMETER,2026-05-14 16:14:04,2026-05-14 16:14:10
c4268d04-4d12-4584-bb63-a272719320d5,3230a809-4f6c-11f1-8ba3-0242ac110003,safety,1,Integer,NORMAL_PARAMETER,2026-05-14 16:09:14,2026-05-14 16:09:14
c4a03364-f0db-4e5a-b4ed-170a5544fc55,2c6e2eba-4f6c-11f1-8ba3-0242ac110003,agvMapId,91b7a2a8-4f61-11f1-8ba3-0242ac110003,String,NORMAL_PARAMETER,2026-05-14 16:09:05,2026-05-14 16:09:39
c524daff-b9a6-44c5-9984-4d1f7c4a94b2,62ccfa81-4f6d-11f1-8ba3-0242ac110003,D,,Double,NORMAL_PARAMETER,2026-05-14 16:17:45,2026-05-14 16:17:51
c61e6a56-d65c-4fc9-876c-36e631309311,62ccfa81-4f6d-11f1-8ba3-0242ac110003,front_laser_stop_area_x,,Double,NORMAL_PARAMETER,2026-05-14 16:17:45,2026-05-14 16:17:51
c6925b39-6e0e-46c6-960c-68888f4426fa,62ccfa81-4f6d-11f1-8ba3-0242ac110003,max_translation_speed,,Double,NORMAL_PARAMETER,2026-05-14 16:17:45,2026-05-14 16:17:51
c77e2f0a-d007-472e-8f9d-9a1f66fe4396,e3986b9f-4f6c-11f1-8ba3-0242ac110003,translation_acc,,Double,NORMAL_PARAMETER,2026-05-14 16:14:12,2026-05-14 16:14:12
c78c4d4f-06fc-4772-9cd1-6b30840f2dfd,5245768b-4f6d-11f1-8ba3-0242ac110003,max_translation_speed,,Double,NORMAL_PARAMETER,2026-05-14 16:17:18,2026-05-14 16:17:18
c95de841-63d3-4f67-8a10-158c9ee86f06,5245768b-4f6d-11f1-8ba3-0242ac110003,front_laser_stop_area_y,,Double,NORMAL_PARAMETER,2026-05-14 16:17:18,2026-05-14 16:17:18
caa3ab32-d883-4a5c-8130-447b06d8e3cd,674e8196-4f6d-11f1-8ba3-0242ac110003,front_laser_dec_area_x,,Double,NORMAL_PARAMETER,2026-05-14 16:17:53,2026-05-14 16:17:53
cab82baa-9ac0-430b-96d2-92659130d9a4,d742fa91-4f6c-11f1-8ba3-0242ac110003,agvMapId,91b7a2a8-4f61-11f1-8ba3-0242ac110003,String,NORMAL_PARAMETER,2026-05-14 16:13:51,2026-05-14 16:13:57
cb8c9057-6a17-4c2f-9780-fca9560eae91,c59e0e83-4f6c-11f1-8ba3-0242ac110003,rotate_acc,,Double,NORMAL_PARAMETER,2026-05-14 16:13:22,2026-05-14 16:13:22
cc18b42d-193a-4a2a-98fa-111656e81ae7,c59e0e83-4f6c-11f1-8ba3-0242ac110003,D,,Double,NORMAL_PARAMETER,2026-05-14 16:13:22,2026-05-14 16:13:22
ccc7b0d7-b939-43b4-9eac-0f87d617d905,dea9bfff-4f6c-11f1-8ba3-0242ac110003,front_laser_stop_area_x,,Double,NORMAL_PARAMETER,2026-05-14 16:14:04,2026-05-14 16:14:10
cd0c2b38-08eb-4f32-ae62-945e5489cae6,dcec1ec3-4f6c-11f1-8ba3-0242ac110003,back_laser_dec_area_y,,Double,NORMAL_PARAMETER,2026-05-14 16:14:01,2026-05-14 16:14:01
ce218313-902b-4587-b262-c12323686d2b,4dbce953-4f6d-11f1-8ba3-0242ac110003,agvMapId,91b7a2a8-4f61-11f1-8ba3-0242ac110003,String,NORMAL_PARAMETER,2026-05-14 16:17:10,2026-05-14 16:17:10
ce538f73-4f9c-489e-a68f-de9231f58edb,3230a809-4f6c-11f1-8ba3-0242ac110003,front_laser_dec_area_y,,Double,NORMAL_PARAMETER,2026-05-14 16:09:14,2026-05-14 16:09:14
cf197057-050d-47b9-8d3f-d462e063a288,4ec24923-4f6d-11f1-8ba3-0242ac110003,markerCode,2,String,NORMAL_PARAMETER,2026-05-14 16:17:12,2026-05-14 16:17:16
d0710791-ee8e-434d-bdb2-330af135abfc,4baa900a-4f6c-11f1-8ba3-0242ac110003,P,,Double,NORMAL_PARAMETER,2026-05-14 16:09:57,2026-05-14 16:09:57
d0b5c1b4-d161-4e89-acfa-08d7d83209cc,4dbce953-4f6d-11f1-8ba3-0242ac110003,front_laser_dec_area_y,,Double,NORMAL_PARAMETER,2026-05-14 16:17:10,2026-05-14 16:17:10
d0f01e2a-f92e-4652-9d9b-482173c99863,4baa900a-4f6c-11f1-8ba3-0242ac110003,back_laser_dec_area_x,,Double,NORMAL_PARAMETER,2026-05-14 16:09:57,2026-05-14 16:09:57
d0f0ec4a-404e-45aa-baca-8b38f5246b1c,28244edb-4f6c-11f1-8ba3-0242ac110003,back_laser_dec_area_y,,Double,NORMAL_PARAMETER,2026-05-14 16:08:57,2026-05-14 16:08:57
d1e8d1ac-bff1-48c4-9c26-71cec8d51151,4ec24923-4f6d-11f1-8ba3-0242ac110003,back_laser_dec_area_y,,Double,NORMAL_PARAMETER,2026-05-14 16:17:12,2026-05-14 16:17:16
d24f367b-0c97-4085-81ee-23d9cc259196,2c6e2eba-4f6c-11f1-8ba3-0242ac110003,back_laser_stop_area_x,,Double,NORMAL_PARAMETER,2026-05-14 16:09:05,2026-05-14 16:09:39
d2e4cdc2-0d61-46b2-a867-31b4dc5f8ad4,4dbce953-4f6d-11f1-8ba3-0242ac110003,front_laser_dec_area_x,,Double,NORMAL_PARAMETER,2026-05-14 16:17:10,2026-05-14 16:17:10
d3403def-d750-4265-934b-06d85beb8e12,28244edb-4f6c-11f1-8ba3-0242ac110003,safety,1,Integer,NORMAL_PARAMETER,2026-05-14 16:08:57,2026-05-14 16:08:57
d39de338-87ed-4b9e-b3b1-dcbd67c48747,5245768b-4f6d-11f1-8ba3-0242ac110003,P,,Double,NORMAL_PARAMETER,2026-05-14 16:17:18,2026-05-14 16:17:18
d3bc77c5-79ba-43f5-8fc8-6febdc6b5c1b,2c6e2eba-4f6c-11f1-8ba3-0242ac110003,safety,1,Integer,NORMAL_PARAMETER,2026-05-14 16:09:05,2026-05-14 16:09:39
d413e594-da21-4169-af8d-462906360b47,4dbce953-4f6d-11f1-8ba3-0242ac110003,back_laser_dec_area_x,,Double,NORMAL_PARAMETER,2026-05-14 16:17:10,2026-05-14 16:17:10
d420ac2d-0c30-4ad1-b4ca-fe30cd001f17,d742fa91-4f6c-11f1-8ba3-0242ac110003,D,,Double,NORMAL_PARAMETER,2026-05-14 16:13:51,2026-05-14 16:13:57
d461385b-dadd-4991-9efa-f5a54ac8a725,614fd8e0-4f6d-11f1-8ba3-0242ac110003,P,,Double,NORMAL_PARAMETER,2026-05-14 16:17:43,2026-05-14 16:17:43
d575d330-4475-4162-91fa-8477c1f32203,62ccfa81-4f6d-11f1-8ba3-0242ac110003,pathParamSetting,0,Integer,NORMAL_PARAMETER,2026-05-14 16:17:45,2026-05-14 16:17:51
d63be15a-011b-4321-b568-20183326c079,3230a809-4f6c-11f1-8ba3-0242ac110003,front_laser_dec_area_x,,Double,NORMAL_PARAMETER,2026-05-14 16:09:14,2026-05-14 16:09:14
d6c74838-ef1b-443c-90ef-824f29361146,4e567eef-4f6c-11f1-8ba3-0242ac110003,D,,Double,NORMAL_PARAMETER,2026-05-14 16:10:01,2026-05-14 16:10:11
d6fc6b7b-2007-45d4-ac2a-50ae29adf7c0,4baa900a-4f6c-11f1-8ba3-0242ac110003,front_laser_stop_area_x,,Double,NORMAL_PARAMETER,2026-05-14 16:09:57,2026-05-14 16:09:57
d7128e54-613e-4149-a529-01a5e362a165,3731c74f-4f6c-11f1-8ba3-0242ac110003,markerCode,4,String,NORMAL_PARAMETER,2026-05-14 16:09:23,2026-05-14 16:09:48
d71f7703-1f2a-4127-abf8-4237f710ab5c,c7053761-4f6c-11f1-8ba3-0242ac110003,front_laser_stop_area_y,,Double,NORMAL_PARAMETER,2026-05-14 16:13:24,2026-05-14 16:13:41
d7447a84-9351-4197-9559-4ecebbdc5f52,3230a809-4f6c-11f1-8ba3-0242ac110003,back_laser_dec_area_x,,Double,NORMAL_PARAMETER,2026-05-14 16:09:14,2026-05-14 16:09:14
d760fd93-d024-4032-9a81-1f97032bca1d,dcec1ec3-4f6c-11f1-8ba3-0242ac110003,rotate_acc,,Double,NORMAL_PARAMETER,2026-05-14 16:14:01,2026-05-14 16:14:01
d7b105c5-2190-4d13-9af0-22dd37038cc4,674e8196-4f6d-11f1-8ba3-0242ac110003,back_laser_stop_area_x,,Double,NORMAL_PARAMETER,2026-05-14 16:17:53,2026-05-14 16:17:53
d81177d8-44c6-4481-8506-ed91b5011ebb,62ccfa81-4f6d-11f1-8ba3-0242ac110003,back_laser_stop_area_y,,Double,NORMAL_PARAMETER,2026-05-14 16:17:45,2026-05-14 16:17:51
d8206742-5357-4a28-b2b8-0414c5fe19e0,dea9bfff-4f6c-11f1-8ba3-0242ac110003,front_laser_stop_area_y,,Double,NORMAL_PARAMETER,2026-05-14 16:14:04,2026-05-14 16:14:10
d8257cfd-738f-402d-8add-c197a8687c81,28244edb-4f6c-11f1-8ba3-0242ac110003,front_laser_stop_area_x,,Double,NORMAL_PARAMETER,2026-05-14 16:08:57,2026-05-14 16:08:57
d84ab820-dd16-4947-8f96-a3807faf9fdc,c7053761-4f6c-11f1-8ba3-0242ac110003,P,,Double,NORMAL_PARAMETER,2026-05-14 16:13:24,2026-05-14 16:13:41
d8d54703-f668-4771-a903-be00d1aa3223,4e567eef-4f6c-11f1-8ba3-0242ac110003,front_laser_stop_area_x,,Double,NORMAL_PARAMETER,2026-05-14 16:10:01,2026-05-14 16:10:11
d8ff1cfd-9fc2-4da1-bee3-cd7d3f2a2fea,dea9bfff-4f6c-11f1-8ba3-0242ac110003,back_laser_stop_area_x,,Double,NORMAL_PARAMETER,2026-05-14 16:14:04,2026-05-14 16:14:10
d9c241ea-2c31-4abd-a63f-191325803524,674e8196-4f6d-11f1-8ba3-0242ac110003,back_laser_dec_area_x,,Double,NORMAL_PARAMETER,2026-05-14 16:17:53,2026-05-14 16:17:53
da17581a-0616-4fc2-92e9-81ee8af623ae,a7221c15-4f6c-11f1-8ba3-0242ac110003,back_laser_stop_area_x,,Double,NORMAL_PARAMETER,2026-05-14 16:12:30,2026-05-14 16:12:39
da49193c-ee69-4ab3-8cf3-23ca14a61e72,4dbce953-4f6d-11f1-8ba3-0242ac110003,back_laser_stop_area_y,,Double,NORMAL_PARAMETER,2026-05-14 16:17:10,2026-05-14 16:17:10
dafd8a38-75e1-4985-bc2f-8227c63f171a,a7221c15-4f6c-11f1-8ba3-0242ac110003,back_laser_dec_area_x,,Double,NORMAL_PARAMETER,2026-05-14 16:12:30,2026-05-14 16:12:39
db3cada1-31db-498a-9e8b-dbd2d9bc2b83,3230a809-4f6c-11f1-8ba3-0242ac110003,markerCode,3,String,NORMAL_PARAMETER,2026-05-14 16:09:14,2026-05-14 16:09:14
dd1e7897-b500-4b5f-8691-62438eeca9d2,2c6e2eba-4f6c-11f1-8ba3-0242ac110003,rotate_acc,,Double,NORMAL_PARAMETER,2026-05-14 16:09:05,2026-05-14 16:09:39
dd3729d2-0951-41ad-b8ba-46ad75ba6b1f,28244edb-4f6c-11f1-8ba3-0242ac110003,front_laser_dec_area_y,,Double,NORMAL_PARAMETER,2026-05-14 16:08:57,2026-05-14 16:08:57
dd8c970e-e589-4327-900c-9140f9d5fd7b,4dbce953-4f6d-11f1-8ba3-0242ac110003,safety,1,Integer,NORMAL_PARAMETER,2026-05-14 16:17:10,2026-05-14 16:17:10
dd9758ed-9cc4-4355-af2b-fc498ab6d0ea,c7053761-4f6c-11f1-8ba3-0242ac110003,D,,Double,NORMAL_PARAMETER,2026-05-14 16:13:24,2026-05-14 16:13:41
de177c34-c5e5-4677-9805-bcf80eed1ac7,614fd8e0-4f6d-11f1-8ba3-0242ac110003,front_laser_dec_area_y,,Double,NORMAL_PARAMETER,2026-05-14 16:17:43,2026-05-14 16:17:43
df68fb0b-a53d-494b-aee2-101e82d1385e,c7053761-4f6c-11f1-8ba3-0242ac110003,markerCode,5,String,NORMAL_PARAMETER,2026-05-14 16:13:24,2026-05-14 16:13:41
dfe5cfaf-c29f-4cb3-8107-ed4759f82db3,3731c74f-4f6c-11f1-8ba3-0242ac110003,rotate_acc,,Double,NORMAL_PARAMETER,2026-05-14 16:09:23,2026-05-14 16:09:48
e2093449-1002-4965-ac1b-745fb09a970d,d5f75328-4f6c-11f1-8ba3-0242ac110003,back_laser_dec_area_y,,Double,NORMAL_PARAMETER,2026-05-14 16:13:49,2026-05-14 16:13:49
e2991b01-0947-4e9e-ba57-8f3c4cac2869,3230a809-4f6c-11f1-8ba3-0242ac110003,pathParamSetting,0,Integer,NORMAL_PARAMETER,2026-05-14 16:09:14,2026-05-14 16:09:14
e3229028-2db9-4ba3-a8db-08e8ee35c215,d5f75328-4f6c-11f1-8ba3-0242ac110003,safety,1,Integer,NORMAL_PARAMETER,2026-05-14 16:13:49,2026-05-14 16:13:49
e3a3b6db-4529-4fb7-a4c1-239cc10f16cd,4e567eef-4f6c-11f1-8ba3-0242ac110003,safety,1,Integer,NORMAL_PARAMETER,2026-05-14 16:10:01,2026-05-14 16:10:11
e469a71b-4c54-4d1b-a25c-676d4eea1509,674e8196-4f6d-11f1-8ba3-0242ac110003,max_rotate_speed,,Double,NORMAL_PARAMETER,2026-05-14 16:17:53,2026-05-14 16:17:53
e505e81b-d083-425b-b21b-51a2d69842c7,2c6e2eba-4f6c-11f1-8ba3-0242ac110003,translation_acc,,Double,NORMAL_PARAMETER,2026-05-14 16:09:05,2026-05-14 16:09:39
e5130ce8-306a-4e63-bd38-83edbeb87c4e,674e8196-4f6d-11f1-8ba3-0242ac110003,front_laser_dec_area_y,,Double,NORMAL_PARAMETER,2026-05-14 16:17:53,2026-05-14 16:17:53
e516856a-00a3-4473-9702-cea8af192ebc,a7221c15-4f6c-11f1-8ba3-0242ac110003,back_laser_dec_area_y,,Double,NORMAL_PARAMETER,2026-05-14 16:12:30,2026-05-14 16:12:39
e6d87ded-f4fd-402d-beca-d6bfe259a8b5,dea9bfff-4f6c-11f1-8ba3-0242ac110003,max_translation_speed,1.2,Double,NORMAL_PARAMETER,2026-05-14 16:14:04,2026-05-14 16:14:10
e766ec73-b9e9-47e3-8770-fcd8565b2f97,e3986b9f-4f6c-11f1-8ba3-0242ac110003,max_translation_speed,,Double,NORMAL_PARAMETER,2026-05-14 16:14:12,2026-05-14 16:14:12
e818f3f5-a6cc-4a9e-ac19-7006631ded09,28244edb-4f6c-11f1-8ba3-0242ac110003,agvMapId,91b7a2a8-4f61-11f1-8ba3-0242ac110003,String,NORMAL_PARAMETER,2026-05-14 16:08:57,2026-05-14 16:08:57
e88c5bf1-b732-43ee-ada8-c51043c9b2c3,4ec24923-4f6d-11f1-8ba3-0242ac110003,back_laser_stop_area_x,,Double,NORMAL_PARAMETER,2026-05-14 16:17:12,2026-05-14 16:17:16
e8ac23a1-6408-47b5-8a0f-bb3aa706b88b,a7221c15-4f6c-11f1-8ba3-0242ac110003,front_laser_stop_area_y,,Double,NORMAL_PARAMETER,2026-05-14 16:12:30,2026-05-14 16:12:39
e9b76cbb-8585-495a-a3be-d7614009f4ed,4dbce953-4f6d-11f1-8ba3-0242ac110003,back_laser_stop_area_x,,Double,NORMAL_PARAMETER,2026-05-14 16:17:10,2026-05-14 16:17:10
e9d7b81b-c0b5-4cab-b9a8-858606de2a13,4ec24923-4f6d-11f1-8ba3-0242ac110003,P,,Double,NORMAL_PARAMETER,2026-05-14 16:17:12,2026-05-14 16:17:16
ea5f9857-9b76-4f06-ae22-23dc70f816fb,4e567eef-4f6c-11f1-8ba3-0242ac110003,front_laser_dec_area_x,,Double,NORMAL_PARAMETER,2026-05-14 16:10:01,2026-05-14 16:10:11
ea74466f-ad65-4e10-8a1e-0b8dcfcb7de1,614fd8e0-4f6d-11f1-8ba3-0242ac110003,pathParamSetting,0,Integer,NORMAL_PARAMETER,2026-05-14 16:17:43,2026-05-14 16:17:43
ea780f97-4686-4e0f-adf3-da55c8885119,62ccfa81-4f6d-11f1-8ba3-0242ac110003,markerCode,6,String,NORMAL_PARAMETER,2026-05-14 16:17:45,2026-05-14 16:17:51
ea7af574-2c6e-4b60-af8f-f3d86c124868,d742fa91-4f6c-11f1-8ba3-0242ac110003,front_laser_stop_area_x,,Double,NORMAL_PARAMETER,2026-05-14 16:13:51,2026-05-14 16:13:57
ebdfd6f0-6122-4719-8ff9-0a5904d2cfe8,dd0a6c16-4ff8-11f1-b019-0242ac110003,cameras,"[{""is_capture"":1,""open_light"":0,""camera_name"":""binocular_1"",""channel_num"":1,""set_preset"":1,""preset_num"":2,""record_time"":5,""set_param"":0,""wAction"":1,""is_homing"":1,""homing_time"":5,""sleepTime"":0,""fHorizontalSpeed"":100,""fVerticalSpeed"":100},{""is_capture"":1,""open_light"":0,""camera_name"":""binocular_2"",""channel_num"":1,""set_preset"":1,""preset_num"":2,""record_time"":5,""set_param"":0,""wAction"":1,""is_homing"":1,""homing_time"":5,""sleepTime"":0,""fHorizontalSpeed"":100,""fVerticalSpeed"":100}]",JsonArray,NORMAL_PARAMETER,2026-05-15 08:56:10,2026-05-15 08:58:16
ed011c0c-eb2e-445a-9b25-9b84a2af1f1a,c59e0e83-4f6c-11f1-8ba3-0242ac110003,back_laser_dec_area_y,,Double,NORMAL_PARAMETER,2026-05-14 16:13:22,2026-05-14 16:13:22
ee8f204a-265d-4c3f-beb2-15ea9d0447c0,d5f75328-4f6c-11f1-8ba3-0242ac110003,max_rotate_speed,,Double,NORMAL_PARAMETER,2026-05-14 16:13:49,2026-05-14 16:13:49
ef0138f3-f593-46b4-af61-2464c8440ab6,4e567eef-4f6c-11f1-8ba3-0242ac110003,front_laser_stop_area_y,,Double,NORMAL_PARAMETER,2026-05-14 16:10:01,2026-05-14 16:10:11
efab63a3-a86a-4620-a341-a17ae1c5f1e5,28244edb-4f6c-11f1-8ba3-0242ac110003,pathParamSetting,0,Integer,NORMAL_PARAMETER,2026-05-14 16:08:57,2026-05-14 16:08:57
efb9b120-de97-49c2-930f-2fa5db1e75ec,28244edb-4f6c-11f1-8ba3-0242ac110003,translation_acc,,Double,NORMAL_PARAMETER,2026-05-14 16:08:57,2026-05-14 16:08:57
efcf8630-c3c8-40ef-9253-215d3ad1b02b,4ec24923-4f6d-11f1-8ba3-0242ac110003,front_laser_dec_area_y,,Double,NORMAL_PARAMETER,2026-05-14 16:17:12,2026-05-14 16:17:16
f1d9ff60-98c8-42f8-9d05-873333a4f74b,614fd8e0-4f6d-11f1-8ba3-0242ac110003,back_laser_stop_area_y,,Double,NORMAL_PARAMETER,2026-05-14 16:17:43,2026-05-14 16:17:43
f26fd77d-5960-4842-ba89-c620472fae00,2c6e2eba-4f6c-11f1-8ba3-0242ac110003,max_rotate_speed,,Double,NORMAL_PARAMETER,2026-05-14 16:09:05,2026-05-14 16:09:39
f316907a-a57c-4a38-877d-7c6e89ba95ad,dcec1ec3-4f6c-11f1-8ba3-0242ac110003,translation_acc,,Double,NORMAL_PARAMETER,2026-05-14 16:14:01,2026-05-14 16:14:01
f5112648-88eb-4b90-a67d-4c06dee8a01e,614fd8e0-4f6d-11f1-8ba3-0242ac110003,translation_acc,,Double,NORMAL_PARAMETER,2026-05-14 16:17:43,2026-05-14 16:17:43
faa8fc6a-28dc-422a-ad84-3abd31a43cdb,e3986b9f-4f6c-11f1-8ba3-0242ac110003,front_laser_dec_area_y,,Double,NORMAL_PARAMETER,2026-05-14 16:14:12,2026-05-14 16:14:12
fb1906ea-95db-48dc-bf27-e68508c8b24d,d742fa91-4f6c-11f1-8ba3-0242ac110003,markerCode,5,String,NORMAL_PARAMETER,2026-05-14 16:13:51,2026-05-14 16:13:57
fb8f52e6-c021-4671-89f4-0a0c7bf8b185,d742fa91-4f6c-11f1-8ba3-0242ac110003,front_laser_stop_area_y,,Double,NORMAL_PARAMETER,2026-05-14 16:13:51,2026-05-14 16:13:57
fd6ec894-9869-45b2-b64b-b348d618135b,d742fa91-4f6c-11f1-8ba3-0242ac110003,P,,Double,NORMAL_PARAMETER,2026-05-14 16:13:51,2026-05-14 16:13:57
fe054f06-1846-4029-8015-ccc0be12c665,614fd8e0-4f6d-11f1-8ba3-0242ac110003,back_laser_stop_area_x,,Double,NORMAL_PARAMETER,2026-05-14 16:17:43,2026-05-14 16:17:43
fe8843fa-d9ec-45e0-98ec-558d1b94050e,d742fa91-4f6c-11f1-8ba3-0242ac110003,safety,1,Integer,NORMAL_PARAMETER,2026-05-14 16:13:51,2026-05-14 16:13:57
febe4818-6a72-489c-8365-7ae47302e170,3230a809-4f6c-11f1-8ba3-0242ac110003,max_rotate_speed,,Double,NORMAL_PARAMETER,2026-05-14 16:09:14,2026-05-14 16:09:14
