id,mission_action_id,mission_work_id,action_type,name,message,sequence,parameters,status,parameter_type,result_code,result_message,result_type,result_data,error_code,is_sub_action,this_loop_completes,start_time,end_time,action_sequence,create_time,update_time
022e7ee0-5c2e-4824-aa86-ff0b43960a9b,2c6e2eba-4f6c-11f1-8ba3-0242ac110003,c783052c-6029-4d1b-80a7-0078afd8b240,MOVE_SIDE_PATH,路径导航,,2,"{""max_translation_speed"":0.4,""markerCode"":""4"",""safety"":1,""pathParamSetting"":1,""agvMapId"":""91b7a2a8-4f61-11f1-8ba3-0242ac110003""}",SUCCESS,NORMAL_PARAMETER,,,,,,0,,2026-05-14 16:10:39,2026-05-14 16:11:09,,2026-05-14 16:10:39,2026-05-14 16:11:09
12b00d06-be19-4b3a-8e4b-3d04f20a92c1,c59e0e83-4f6c-11f1-8ba3-0242ac110003,aea72b7e-12e4-42d8-bddf-cd67e121849f,MOVE_SIDE_PATH,路径导航,,1,"{""markerCode"":""3"",""safety"":1,""pathParamSetting"":0,""agvMapId"":""91b7a2a8-4f61-11f1-8ba3-0242ac110003""}",SUCCESS,NORMAL_PARAMETER,,,,,,0,,2026-05-14 16:16:42,2026-05-14 16:16:42,,2026-05-14 16:16:42,2026-05-14 16:16:42
13556603-ef3f-4cbd-b275-4c19a86c6d92,e3986b9f-4f6c-11f1-8ba3-0242ac110003,aea72b7e-12e4-42d8-bddf-cd67e121849f,MOVE_SIDE_PATH,路径导航,,7,"{""markerCode"":""3"",""safety"":1,""pathParamSetting"":0,""agvMapId"":""91b7a2a8-4f61-11f1-8ba3-0242ac110003""}",SUCCESS,NORMAL_PARAMETER,,,,,,0,,2026-05-14 16:18:15,2026-05-14 16:18:30,,2026-05-14 16:18:15,2026-05-14 16:18:30
16ea57c9-a80a-4906-890a-06dd4f5099e0,c7053761-4f6c-11f1-8ba3-0242ac110003,aea72b7e-12e4-42d8-bddf-cd67e121849f,MOVE_SIDE_PATH,路径导航,,2,"{""max_translation_speed"":0.4,""markerCode"":""5"",""safety"":1,""pathParamSetting"":1,""agvMapId"":""91b7a2a8-4f61-11f1-8ba3-0242ac110003""}",SUCCESS,NORMAL_PARAMETER,,,,,,0,,2026-05-14 16:16:42,2026-05-14 16:17:08,,2026-05-14 16:16:42,2026-05-14 16:17:08
17a2bec3-2f3c-45b0-b761-425d8079eec7,dea9bfff-4f6c-11f1-8ba3-0242ac110003,aea72b7e-12e4-42d8-bddf-cd67e121849f,MOVE_SIDE_PATH,路径导航,,6,"{""max_translation_speed"":1.2,""markerCode"":""5"",""safety"":1,""pathParamSetting"":1,""agvMapId"":""91b7a2a8-4f61-11f1-8ba3-0242ac110003""}",SUCCESS,NORMAL_PARAMETER,,,,,,0,,2026-05-14 16:17:59,2026-05-14 16:18:14,,2026-05-14 16:17:59,2026-05-14 16:18:14
1dd19055-2a79-4e95-8129-735ba18da32d,3b1c3a52-1d22-11f1-81c9-0242ac110002,cd8ac427-4683-487a-97fd-094a02bc4dec,MOVE_SIDE_PATH,起点,,5,"{""markerCode"":""6"",""pathParamSetting"":0,""safety_scanner_region"":0,""agvMapId"":""6e53131d-15fa-11f1-98fd-0242ac110002""}",SUCCESS,NORMAL_PARAMETER,,,,,,0,,2026-05-14 14:25:21,2026-05-14 14:25:37,,2026-05-14 14:25:21,2026-05-14 14:25:37
27287a74-9dc7-4288-bafb-25293cb03570,49bd95d3-1d22-11f1-81c9-0242ac110002,cd8ac427-4683-487a-97fd-094a02bc4dec,MOVE_SIDE_PATH,路径导航,,7,"{""markerCode"":""6"",""pathParamSetting"":0,""safety_scanner_region"":0,""agvMapId"":""6e53131d-15fa-11f1-98fd-0242ac110002""}",SUCCESS,NORMAL_PARAMETER,,,,,,0,,2026-05-14 14:25:52,2026-05-14 14:26:08,,2026-05-14 14:25:52,2026-05-14 14:26:08
2f8ffece-a6c8-4a3d-95f5-e051dc01625d,3fb51d85-1d22-11f1-81c9-0242ac110002,cd8ac427-4683-487a-97fd-094a02bc4dec,MOVE_SIDE_PATH,1.2速度,,6,"{""max_translation_speed"":1.2,""features_requested"":0,""markerCode"":""7"",""safety"":2,""fall_prevent"":2,""pathParamSetting"":1,""safety_scanner_region"":0,""agvMapId"":""6e53131d-15fa-11f1-98fd-0242ac110002""}",SUCCESS,NORMAL_PARAMETER,,,,,,0,,2026-05-14 14:25:38,2026-05-14 14:25:51,,2026-05-14 14:25:38,2026-05-14 14:25:51
31bde7ef-a050-4be8-ad5a-b15e7379954b,4ec24923-4f6d-11f1-8ba3-0242ac110003,23c015aa-adf4-4c9c-b2b7-ed636dd74d49,MOVE_SIDE_PATH,路径导航,,2,"{""markerCode"":""2"",""safety"":1,""pathParamSetting"":0,""agvMapId"":""91b7a2a8-4f61-11f1-8ba3-0242ac110003""}",SUCCESS,NORMAL_PARAMETER,,,,,,0,,2026-05-14 16:19:56,2026-05-14 16:21:14,,2026-05-14 16:19:56,2026-05-14 16:21:14
3f0182ee-34a3-4694-9268-97122f861250,448fd54a-1608-11f1-98fd-0242ac110002,74b047d5-19fe-4bc4-9ac9-10d7147b292a,MOVE_SIDE_PATH,起点,路径规划错误！ 机器人脱轨！,1,"{""markerCode"":""6"",""pathParamSetting"":0,""safety_scanner_region"":0,""agvMapId"":""6e53131d-15fa-11f1-98fd-0242ac110002""}",FAULT,NORMAL_PARAMETER,,,,,0,0,,2026-05-14 14:22:33,2026-05-14 14:22:33,,2026-05-14 14:22:33,2026-05-14 14:22:33
4634bd29-f7f2-4514-986f-5ff116b216b7,d742fa91-4f6c-11f1-8ba3-0242ac110003,aea72b7e-12e4-42d8-bddf-cd67e121849f,MOVE_SIDE_PATH,路径导航,,4,"{""max_translation_speed"":0.8,""markerCode"":""5"",""safety"":1,""pathParamSetting"":1,""agvMapId"":""91b7a2a8-4f61-11f1-8ba3-0242ac110003""}",SUCCESS,NORMAL_PARAMETER,,,,,,0,,2026-05-14 16:17:25,2026-05-14 16:17:42,,2026-05-14 16:17:25,2026-05-14 16:17:42
4797ea6e-6455-4dc8-95ed-19019b4db24f,6fc8f284-1608-11f1-98fd-0242ac110002,cd8ac427-4683-487a-97fd-094a02bc4dec,MOVE_SIDE_PATH,起点,,3,"{""markerCode"":""6"",""pathParamSetting"":0,""safety_scanner_region"":0,""agvMapId"":""6e53131d-15fa-11f1-98fd-0242ac110002""}",SUCCESS,NORMAL_PARAMETER,,,,,,0,,2026-05-14 14:24:48,2026-05-14 14:25:04,,2026-05-14 14:24:48,2026-05-14 14:25:04
607b15d6-a3da-467f-950b-8afb23065f30,c8cbd69f-1607-11f1-98fd-0242ac110002,7c8feae7-a5ae-4361-a552-fec8424952d9,MOVE_SIDE_PATH,路径导航,机器人执行失败！,2,"{""markerCode"":""5"",""pathParamSetting"":0,""safety_scanner_region"":0,""agvMapId"":""6e53131d-15fa-11f1-98fd-0242ac110002""}",FAULT,NORMAL_PARAMETER,,,,,0,0,,2026-05-14 14:26:31,2026-05-14 14:34:39,,2026-05-14 14:26:31,2026-05-14 14:34:39
617e0977-ca85-4fa1-ba02-10282b63ce2a,c59e0e83-4f6c-11f1-8ba3-0242ac110003,ccfcb3ba-deb0-48d7-a8b5-6391bbec9ca1,MOVE_SIDE_PATH,路径导航,,1,"{""markerCode"":""3"",""safety"":1,""pathParamSetting"":0,""agvMapId"":""91b7a2a8-4f61-11f1-8ba3-0242ac110003""}",SUCCESS,NORMAL_PARAMETER,,,,,,0,,2026-05-14 16:14:20,2026-05-14 16:14:35,,2026-05-14 16:14:20,2026-05-14 16:14:35
62d812ad-8f17-4d54-88fa-ba985970323a,d5f75328-4f6c-11f1-8ba3-0242ac110003,ccfcb3ba-deb0-48d7-a8b5-6391bbec9ca1,MOVE_SIDE_PATH,路径导航,,3,"{""markerCode"":""3"",""safety"":1,""pathParamSetting"":0,""agvMapId"":""91b7a2a8-4f61-11f1-8ba3-0242ac110003""}",SUCCESS,NORMAL_PARAMETER,,,,,,0,,2026-05-14 16:15:04,2026-05-14 16:15:20,,2026-05-14 16:15:04,2026-05-14 16:15:20
661adf14-f366-43f5-86e4-cff93ac63601,5245768b-4f6d-11f1-8ba3-0242ac110003,23c015aa-adf4-4c9c-b2b7-ed636dd74d49,MOVE_SIDE_PATH,路径导航,,3,"{""markerCode"":""1"",""safety"":1,""pathParamSetting"":0,""agvMapId"":""91b7a2a8-4f61-11f1-8ba3-0242ac110003""}",SUCCESS,NORMAL_PARAMETER,,,,,,0,,2026-05-14 16:21:15,2026-05-14 16:24:06,,2026-05-14 16:21:15,2026-05-14 16:24:06
6697f90b-5925-4448-a1ee-e78696db6efa,28244edb-4f6c-11f1-8ba3-0242ac110003,c783052c-6029-4d1b-80a7-0078afd8b240,MOVE_SIDE_PATH,路径导航,,1,"{""markerCode"":""3"",""safety"":1,""pathParamSetting"":0,""agvMapId"":""91b7a2a8-4f61-11f1-8ba3-0242ac110003""}",SUCCESS,NORMAL_PARAMETER,,,,,,0,,2026-05-14 16:10:15,2026-05-14 16:10:38,,2026-05-14 16:10:15,2026-05-14 16:10:38
6744b844-caca-4061-82e2-28863b501176,dcec1ec3-4f6c-11f1-8ba3-0242ac110003,ccfcb3ba-deb0-48d7-a8b5-6391bbec9ca1,MOVE_SIDE_PATH,路径导航,,5,"{""markerCode"":""3"",""safety"":1,""pathParamSetting"":0,""agvMapId"":""91b7a2a8-4f61-11f1-8ba3-0242ac110003""}",SUCCESS,NORMAL_PARAMETER,,,,,,0,,2026-05-14 16:15:38,2026-05-14 16:15:53,,2026-05-14 16:15:38,2026-05-14 16:15:53
6b21466c-6a4a-4b3f-af1d-efe357651382,37a27910-1d22-11f1-81c9-0242ac110002,cd8ac427-4683-487a-97fd-094a02bc4dec,MOVE_SIDE_PATH,0.8速度,,4,"{""max_translation_speed"":0.8,""features_requested"":0,""markerCode"":""7"",""fall_prevent"":2,""safety"":2,""pathParamSetting"":1,""safety_scanner_region"":0,""agvMapId"":""6e53131d-15fa-11f1-98fd-0242ac110002""}",SUCCESS,NORMAL_PARAMETER,,,,,,0,,2026-05-14 14:25:05,2026-05-14 14:25:20,,2026-05-14 14:25:05,2026-05-14 14:25:20
6f94a373-2c52-49ac-86bd-8e2098a61943,bfea2f89-1607-11f1-98fd-0242ac110002,7c8feae7-a5ae-4361-a552-fec8424952d9,MOVE_SIDE_PATH,路径导航,,1,"{""markerCode"":""4"",""pathParamSetting"":0,""safety_scanner_region"":0,""agvMapId"":""6e53131d-15fa-11f1-98fd-0242ac110002""}",SUCCESS,NORMAL_PARAMETER,,,,,,0,,2026-05-14 14:26:11,2026-05-14 14:26:30,,2026-05-14 14:26:11,2026-05-14 14:26:30
8300fe5d-1919-480b-82fe-51de77659f70,98c7160b-f298-11f0-a04e-0242ac110003,a7ebe416-8577-48fe-a6af-e69764b0f84b,MOVE_SIDE_PATH,路径导航,路径规划错误！ 机器人脱轨！,1,"{""markerCode"":""2"",""safety"":1,""pathParamSetting"":0,""agvMapId"":""c951b5df-3954-11f1-8bc3-0242ac110003""}",FAULT,NORMAL_PARAMETER,,,,,0,0,,2026-05-14 14:22:17,2026-05-14 14:22:17,,2026-05-14 14:22:17,2026-05-14 14:22:17
830503eb-af61-4e3c-adca-5173a9f9ceec,20444ec1-186c-11f1-8bcc-0242ac110002,0398911b-0c94-4a83-83ca-48ecefcb638f,PHOTOGRAPH_VIDEO,ptz拍照,,1,"{""homing_time"":""5"",""cameras"":""[{\""is_capture\"":1,\""inspectionPoint\"":\""\"",\""camera_name\"":\""binocular_1\"",\""channel_num\"":1,\""set_preset\"":0,\""preset_num\"":1,\""record_time\"":5,\""set_param\"":1,\""wAction\"":1,\""wPanPos\"":0,\""wTiltPos\"":0,\""wZoomPos\"":0,\""is_homing\"":1,\""homing_time\"":5,\""sleepTime\"":0,\""fPan\"":20,\""fTilt\"":20,\""fZoom\"":0,\""dwFocus\"":0,\""dwFocalLen\"":0,\""fHorizontalSpeed\"":100,\""fVerticalSpeed\"":100},{\""is_capture\"":1,\""inspectionPoint\"":\""\"",\""camera_name\"":\""binocular_2\"",\""channel_num\"":1,\""set_preset\"":0,\""preset_num\"":1,\""record_time\"":5,\""set_param\"":1,\""wAction\"":1,\""wPanPos\"":0,\""wTiltPos\"":0,\""wZoomPos\"":0,\""is_homing\"":1,\""homing_time\"":5,\""sleepTime\"":0,\""fPan\"":20,\""fTilt\"":20,\""fZoom\"":0,\""dwFocus\"":0,\""dwFocalLen\"":0,\""fHorizontalSpeed\"":100,\""fVerticalSpeed\"":100}]"",""is_thermometry"":""0"",""sleepTime"":""0"",""camera_name"":""binocular_1,binocular_2""}",SUCCESS,NORMAL_PARAMETER,1001,,MESSAGE,"{""imageUrl"":{""binocular_1"":{""image_path"":""/server/data/image/camera//20260514144328_1.jpg""},""binocular_2"":{""image_path"":""/server/data/image/camera//20260514144328_2.jpg""}}}",,0,,2026-05-14 14:43:22,2026-05-14 14:43:36,,2026-05-14 14:43:22,2026-05-14 14:43:36
873dd06a-2e65-469b-a743-f8caaa85ba6e,4baa900a-4f6c-11f1-8ba3-0242ac110003,c783052c-6029-4d1b-80a7-0078afd8b240,MOVE_SIDE_PATH,路径导航,,5,"{""markerCode"":""3"",""safety"":1,""pathParamSetting"":0,""agvMapId"":""91b7a2a8-4f61-11f1-8ba3-0242ac110003""}",SUCCESS,NORMAL_PARAMETER,,,,,,0,,2026-05-14 16:11:43,2026-05-14 16:11:59,,2026-05-14 16:11:43,2026-05-14 16:11:59
8e64dfa5-8e70-4e85-bce1-92e995e022cb,dcec1ec3-4f6c-11f1-8ba3-0242ac110003,aea72b7e-12e4-42d8-bddf-cd67e121849f,MOVE_SIDE_PATH,路径导航,,5,"{""markerCode"":""3"",""safety"":1,""pathParamSetting"":0,""agvMapId"":""91b7a2a8-4f61-11f1-8ba3-0242ac110003""}",SUCCESS,NORMAL_PARAMETER,,,,,,0,,2026-05-14 16:17:42,2026-05-14 16:17:59,,2026-05-14 16:17:42,2026-05-14 16:17:59
90ef65fd-db11-4f61-9b24-9e3554623678,3230a809-4f6c-11f1-8ba3-0242ac110003,c783052c-6029-4d1b-80a7-0078afd8b240,MOVE_SIDE_PATH,路径导航,,3,"{""markerCode"":""3"",""safety"":1,""pathParamSetting"":0,""agvMapId"":""91b7a2a8-4f61-11f1-8ba3-0242ac110003""}",SUCCESS,NORMAL_PARAMETER,,,,,,0,,2026-05-14 16:11:09,2026-05-14 16:11:25,,2026-05-14 16:11:09,2026-05-14 16:11:25
953f04c0-8274-41d9-94a4-71c3cadaeeaf,6ba07aae-1608-11f1-98fd-0242ac110002,cd8ac427-4683-487a-97fd-094a02bc4dec,MOVE_SIDE_PATH,0.4速度,,2,"{""max_translation_speed"":0.4,""features_requested"":0,""markerCode"":""7"",""safety"":2,""fall_prevent"":2,""pathParamSetting"":1,""safety_scanner_region"":0,""agvMapId"":""6e53131d-15fa-11f1-98fd-0242ac110002""}",SUCCESS,NORMAL_PARAMETER,,,,,,0,,2026-05-14 14:24:17,2026-05-14 14:24:47,,2026-05-14 14:24:17,2026-05-14 14:24:47
97edc410-d37a-46cd-969d-5e1af4a35893,4e567eef-4f6c-11f1-8ba3-0242ac110003,c783052c-6029-4d1b-80a7-0078afd8b240,MOVE_SIDE_PATH,路径导航,,6,"{""max_translation_speed"":1.2,""markerCode"":""4"",""safety"":1,""pathParamSetting"":1,""agvMapId"":""91b7a2a8-4f61-11f1-8ba3-0242ac110003""}",SUCCESS,NORMAL_PARAMETER,,,,,,0,,2026-05-14 16:12:00,2026-05-14 16:12:13,,2026-05-14 16:12:00,2026-05-14 16:12:13
b2e5d3cc-6808-4f83-89d9-9268f1e460e1,d742fa91-4f6c-11f1-8ba3-0242ac110003,ccfcb3ba-deb0-48d7-a8b5-6391bbec9ca1,MOVE_SIDE_PATH,路径导航,,4,"{""max_translation_speed"":0.8,""markerCode"":""5"",""safety"":1,""pathParamSetting"":1,""agvMapId"":""91b7a2a8-4f61-11f1-8ba3-0242ac110003""}",SUCCESS,NORMAL_PARAMETER,,,,,,0,,2026-05-14 16:15:20,2026-05-14 16:15:37,,2026-05-14 16:15:20,2026-05-14 16:15:37
bcd49c6f-2bc3-4cb0-924c-7bc6bc0a4c06,6a74553c-1608-11f1-98fd-0242ac110002,cd8ac427-4683-487a-97fd-094a02bc4dec,MOVE_SIDE_PATH,起点,,1,"{""markerCode"":""6"",""pathParamSetting"":0,""safety_scanner_region"":0,""agvMapId"":""6e53131d-15fa-11f1-98fd-0242ac110002""}",SUCCESS,NORMAL_PARAMETER,,,,,,0,,2026-05-14 14:24:02,2026-05-14 14:24:16,,2026-05-14 14:24:02,2026-05-14 14:24:16
c3e0a80a-7964-4d0c-8e7c-c22080609804,d5f75328-4f6c-11f1-8ba3-0242ac110003,aea72b7e-12e4-42d8-bddf-cd67e121849f,MOVE_SIDE_PATH,路径导航,,3,"{""markerCode"":""3"",""safety"":1,""pathParamSetting"":0,""agvMapId"":""91b7a2a8-4f61-11f1-8ba3-0242ac110003""}",SUCCESS,NORMAL_PARAMETER,,,,,,0,,2026-05-14 16:17:09,2026-05-14 16:17:24,,2026-05-14 16:17:09,2026-05-14 16:17:24
cf1c1995-7606-4127-9d39-731e1eb889e4,4dbce953-4f6d-11f1-8ba3-0242ac110003,23c015aa-adf4-4c9c-b2b7-ed636dd74d49,MOVE_SIDE_PATH,路径导航,,1,"{""markerCode"":""1"",""safety"":1,""pathParamSetting"":0,""agvMapId"":""91b7a2a8-4f61-11f1-8ba3-0242ac110003""}",SUCCESS,NORMAL_PARAMETER,,,,,,0,,2026-05-14 16:19:39,2026-05-14 16:19:55,,2026-05-14 16:19:39,2026-05-14 16:19:55
e285b463-cac0-438d-bd42-814ea2f771d6,c7053761-4f6c-11f1-8ba3-0242ac110003,ccfcb3ba-deb0-48d7-a8b5-6391bbec9ca1,MOVE_SIDE_PATH,路径导航,,2,"{""max_translation_speed"":0.4,""markerCode"":""5"",""safety"":1,""pathParamSetting"":1,""agvMapId"":""91b7a2a8-4f61-11f1-8ba3-0242ac110003""}",SUCCESS,NORMAL_PARAMETER,,,,,,0,,2026-05-14 16:14:36,2026-05-14 16:15:03,,2026-05-14 16:14:36,2026-05-14 16:15:03
edd41e70-b6b9-47e0-902f-2a645ce67cf2,dd0a6c16-4ff8-11f1-b019-0242ac110003,3dc46ffb-9bf3-48a5-92ae-e3b2814900f4,PHOTOGRAPH_VIDEO,拍照录像动作 【通用】,,1,"{""homing_time"":""5"",""cameras"":""[{\""is_capture\"":1,\""open_light\"":0,\""camera_name\"":\""binocular_1\"",\""channel_num\"":1,\""set_preset\"":1,\""preset_num\"":2,\""record_time\"":5,\""set_param\"":0,\""wAction\"":1,\""is_homing\"":1,\""homing_time\"":5,\""sleepTime\"":0,\""fHorizontalSpeed\"":100,\""fVerticalSpeed\"":100},{\""is_capture\"":1,\""open_light\"":0,\""camera_name\"":\""binocular_2\"",\""channel_num\"":1,\""set_preset\"":1,\""preset_num\"":2,\""record_time\"":5,\""set_param\"":0,\""wAction\"":1,\""is_homing\"":1,\""homing_time\"":5,\""sleepTime\"":0,\""fHorizontalSpeed\"":100,\""fVerticalSpeed\"":100}]"",""is_thermometry"":""0"",""sleepTime"":""3"",""camera_name"":""binocular_1,binocular_2""}",SUCCESS,NORMAL_PARAMETER,1001,,MESSAGE,"{""imageUrl"":{""binocular_1"":{""image_path"":""/server/data/image/camera//20260515085907_1.jpg""},""binocular_2"":{""image_path"":""/server/data/image/camera//20260515085908_2.jpg""}}}",,0,,2026-05-15 08:58:59,2026-05-15 08:59:09,,2026-05-15 08:58:59,2026-05-15 08:59:09
f46b7a28-d13e-4587-9c8c-f6cad9abaa8d,448debc9-19c1-11f1-8bcc-0242ac110002,a7ed2ec9-4026-4810-8aa3-345a4ce0dd96,MOVE_SIDE_PATH,路径导航,机器人执行失败！,1,"{""markerCode"":""6"",""pathParamSetting"":0,""safety_scanner_region"":0,""agvMapId"":""6e53131d-15fa-11f1-98fd-0242ac110002""}",FAULT,NORMAL_PARAMETER,,,,,0,0,,2026-05-14 14:23:07,2026-05-14 14:23:19,,2026-05-14 14:23:07,2026-05-14 14:23:19
f518647d-59f2-48bf-a9d3-b1428b79c5ba,dea9bfff-4f6c-11f1-8ba3-0242ac110003,ccfcb3ba-deb0-48d7-a8b5-6391bbec9ca1,MOVE_SIDE_PATH,路径导航,,6,"{""max_translation_speed"":1.2,""markerCode"":""5"",""safety"":1,""pathParamSetting"":1,""agvMapId"":""91b7a2a8-4f61-11f1-8ba3-0242ac110003""}",SUCCESS,NORMAL_PARAMETER,,,,,,0,,2026-05-14 16:15:54,2026-05-14 16:16:08,,2026-05-14 16:15:54,2026-05-14 16:16:08
f97331f4-9f99-41d1-8d67-5df6dd9a1371,3731c74f-4f6c-11f1-8ba3-0242ac110003,c783052c-6029-4d1b-80a7-0078afd8b240,MOVE_SIDE_PATH,路径导航,,4,"{""max_translation_speed"":0.8,""markerCode"":""4"",""safety"":1,""pathParamSetting"":1,""agvMapId"":""91b7a2a8-4f61-11f1-8ba3-0242ac110003""}",SUCCESS,NORMAL_PARAMETER,,,,,,0,,2026-05-14 16:11:25,2026-05-14 16:11:43,,2026-05-14 16:11:25,2026-05-14 16:11:43
fc53b8b3-2a8d-442a-8d88-eb3f1867af02,e3986b9f-4f6c-11f1-8ba3-0242ac110003,ccfcb3ba-deb0-48d7-a8b5-6391bbec9ca1,MOVE_SIDE_PATH,路径导航,,7,"{""markerCode"":""3"",""safety"":1,""pathParamSetting"":0,""agvMapId"":""91b7a2a8-4f61-11f1-8ba3-0242ac110003""}",SUCCESS,NORMAL_PARAMETER,,,,,,0,,2026-05-14 16:16:09,2026-05-14 16:16:25,,2026-05-14 16:16:09,2026-05-14 16:16:25
